story_id,language,text
0,arabic,ذات مرة، كان هناك بجعة تعيش في بحيرة كبيرة. كانت الجبعة جميلة جداً، ولكنها كانت أيضاً هشة جداً. في يوم من الأيام، كانت الجبعة تسبح في البحيرة عندما رأت بطة صغيرة عالقة في بعض الأعشاب الضارة. أرادت الجبعة مساعدة البطة الصغيرة، لكنها كانت خائفة من أن تؤذيها لأنها كانت هشة جداً. ففكرت الجبعة في ما يجب القيام به وقررت طلب المساعدة من الحيوانات الأخرى في البحيرة. اجتمعت الحيوانات معاً وعملت على تحرير البطة الصغيرة. عندما كان البط الصغير أخيراً حراً، صفق جميع الحيوانات للجعة لكونها لطيفة جداً ومهتمة. شعرت الجعة بسعادة كبيرة وفخورة بنفسها لمساعدة البط الصغير. تعلمت أنه على الرغم من أنها هشة، فإنها لا تزال قادرة على إحداث فرق كبير في العالم من خلال مساعدة الآخرين.
1,arabic,كان هناك ذات مرة فتاة صغيرة تحب الزهرة. كل يوم، كانت تذهب إلى الحديقة القريبة وتلتقط بعض الزهور التي تنمو هناك. في يوم من الأيام، كانت لديها زهرة خاصة جداً. كانت مختلفة قليلاً عن جميع الزهور الزهرية الأخرى. أرادت أن تحتفظ بهذه الزهرة الزهرية معها دائماً. كانت لديها فكرة! كانت تربط الزهرة الزهرية الخاصة بثوبها. لذلك، كانت الفتاة الصغيرة تربط الزهرة الزهرية الخاصة بعناية بثوبها. كانت الزهرة الزهرية تلمع في ضوء الشمس. أينما ذهبت الفتاة الصغيرة، كانت تأخذ معها الزهرة الزهرية الخاصة بها. حتى أنها كانت لديها اسم خاص له: ديزي!كانت الفتاة الصغيرة سعيدة جداً لأنها تمكنت من ربط ديزي خاصتها بثوبها.كلما سأل الناس عن ذلك، قالت لهم أنه كان ديزي خاصتها.كانت تعرف أنه ليس من الطبيعي أن تكون هناك ديزي متصلة بثوبك، لكنها لم تهتم.كانت تحب ديزي خاصتها ولم تكن لتحتفظ بها بأي طريقة أخرى.
2,arabic,"رأى جون شيئًا أزرقًا على الأرض. ذهب لإلقاء نظرة فاحصة وأدرك أنه كان مغناطيسًا. أعجب به اللون الأزرق واعتقد أنه سيكون لعبة رائعة للتأرجح بها. أخذ جون المغناطيس وبدأ في هزّه في الهواء. فجأة ، سمع والدته تصرخ: ""جون ، توقف! هذا شيء خطير تلعب به!"" وضع جون المغناطيس جانبا ونظر إلى والدته. أراد أن يواصل اللعب بالمغناطيس، لذلك بدأ يلوح به مرة أخرى. فجأة، طار المغناطيس من يده و أصابه في وجهه. بدأ جون في البكاء من الألم."
3,arabic,"ذات مرة كان هناك صديقين - جاك وجيل.كانوا غالباً ما يسيرون على التل ولكن في يوم من الأيام كانت رحلتهم مختلفة. وجاك وجيل صادفوا فرقة موسيقية سيئة كبيرة. كان هناك الكثير من الطبول والصمامة التي كانت عالية جداً! جاك وجيل أرادوا الابتعاد عن الفرقة، لذلك فكرت في خطة. وقالوا لبعضهم البعض، ""دعونا عكس هذا الصوت السيئ"". لذلك فعل جاك وجيل ذلك. ركضوا في الاتجاه الآخر واختفت الضوضاء ببطء. كان جاك وجيل سعداء جداً لكونهم عكسوا صوت الفرقة السيئ. الآن يمكنهم مواصلة الصعود إلى التل دون الضوضاء الصاخبة. النهاية."
4,arabic,"سام وميا توأمان. يحبان اللعب في الخارج، لكن اليوم حار جداً. الشمس مشرقة والهواء لزج. يشعران بالعرق والعطش. ""هل يمكننا الحصول على بعض الآيس كريم، أمي؟"" يسأل سام. يحب آيس كريم الشوكولاته. ""أنا أيضاً، أنا أيضاً!"" تقول ميا. تحب آيس كريم الفراولة. أمي مشغولة في المطبخ. إنها تعد الغداء للعائلة. لا يريدون الانتظار لتناول الغداء. يريدون الآيس كريم الآن. ينظرون إلى بعضهم البعض. لديهم فكرة. يتسللون خارج المنزل. يركضون إلى شاحنة الآيس كريم. يرون السيد لي، رجل الآيس كريم. وهو يبتسم. يحب أن يجعل الأطفال سعداء. ""مرحبا، سام وميا. ماذا يمكنني أن أحضر لك؟"" يسأل السيد لي. سام وميا ننظر إلى القائمة. ""هنا تذهب. هذا سيكون أربعة دولارات، من فضلك، "" يقول السيد لي. سام وميا ينظرون إلى بعضهم البعض. لديهم مشكلة. ليس لديهم أي مال. نسوا أن يجلبوا بنكهم الخنزير. يشعرون بالحرج. لا يعرفون ماذا يفعلون. ينظرون إلى السيد لي. وهو ينتظر. "" أم، نحن آسفون، السيد لي. ليس لدينا أي مال. نسينا، "" تقول ميا. السيد لي ينظر إليهم. يرى وجوههم الحزينة. يشعر بالأسف من أجلهم. كما أنه يتذكر مدى حرارة الجو. يقول، "" لا بأس، سام وميا. أنا أفهم. إنه يوم حار جدا. يمكنك الحصول على الآيس كريم مجاناً. لكن لا تخبر أحداً، حسناً؟ إنه سرنا. ""سام وميا سعداء. يشكران السيد لي. يلعقان آيس كريمهم. إنه بارد وحلو. يشعران بتحسن. ينجحان في أكل آيس كريمهم قبل أن يذوب. يمسحان أفواههما. يلوحان للسيد لي. يركضان إلى المنزل."
5,arabic,"تيم وسام أصدقاء. يحبون اللعب في الحديقة. في يوم من الأيام، يرون حفرة كبيرة في الأرض. إنها بئر. يذهبون بالقرب من البئر وينظرون إلى الداخل. ""واو، إنه مظلم جداً وعميق"" يقول تيم. ""ربما هناك أسماك أو ضفادع هناك"" يقول سام. يسمعون صوتًا من البئر. إنه صوت غريب. يقول: ""مرحباً، يا أولاد. هل تريدون اللعب معي؟"" تيم وسام خائفين. لا يرون أي شخص في البئر. يعتقدون أن الصوت من وحش. ""من أنت؟"" يسأل تيم. ""أنا وحش ودود. أعيش في البئر. أنا وحيد. أريد أن ألعب معك. يمكنني أن أقدم لك الحلوى والألعاب. انزل وانضم إلي، ""يقول الصوت. تيم وسام لا يصدقون الصوت. يعتقدون أن الوحش يكذب. لا يريدون النزول إلى البئر. يريدون الهرب. ""لا ، شكراً لك. لا نريد اللعب معك. أنت غريب ومخيف. سنخبر أمي وأبي ، ""يقول سام. يهربون من البئر. يجدون أمي وأبيهم. يخبروهم عن الصوت في البئر. يأتي رجال الشرطة ويتفقدون البئر. يجدون رجلاً معه مكبر صوت وميكروفون. إنه رجل سيء. أراد خداع الأولاد وإخراجهم. الشرطة تعتقل الرجل وتأخذه. تيم وسام آمنين. هم سعداء."
6,arabic,ذات مرة كان هناك دب مشعر. أراد الدب البقاء في الغابة إلى الأبد، لكنه علم أن ذلك لن يكون ممكنا. في يوم من الأيام، طلب الدب من الغابة إذا كان بإمكانه البقاء، وقالت الغابة نعم، ولكن فقط إذا وعدت بأن تكون مهذبة. وافق الدب، وقالت الغابة أنها ستسمح للدب بالبقاء. لذلك بقي الدب في الغابة، لكنه كان حريصًا على تذكر أن يكون مهذبًا دائمًا. احتفظ بصوته منخفضًا ولم يزعج الحيوانات الأخرى التي تعيش هناك. كل من في الغابة كان سعيدا بوجود الدب الشعري وسرعان ما أصبح جزءا من الأسرة. الدب والغابة عاشوا بسعادة إلى الأبد بعد أن كان الدب دائما مهذبا والغابة دائما يسمح لها بالبقاء!
7,arabic,"في يوم من الأيام ، وجد صبي صغير يدعى تيم وعاءً غامضًا في مطبخه. نظر إلى الداخل ورأى بعض الحساء. أراد تذوقه ، لكن والدته قالت: ""لا ، تيم! لا يمكنك أكل هذا الحساء"". كان تيم حزينًا. لم يفهم لماذا لا يستطيع أكل الحساء. قرر تجاهل والدته وأكل الحساء على أي حال. أخذ ملعقة وتذوق الحساء. كان لذيذًا جدًا. ولكن بعد ذلك ، اكتشفت والدته أن تيم أكل الحساء. لم تكن سعيدة. أخبرت تيم أن الحساء كان لحفلة لاحقة. شعر تيم بالسوء. لقد اعتذر لوالدته و أعدوا المزيد من الحساء معاً للحفلة"
8,arabic,"كان ذات مرة هيكل عظمي يعيش في قرية فقيرة. كان اسمه جيم، وكان يعيش وحيداً في منزله الصغير في زاوية القرية. ذات يوم، تشاجر جيم مع جاره. قال جاره إنه يجب أن يبقى في منزله طوال اليوم ولكن جيم لم يوافق. أراد زيارة الغابة القريبة والحصول على بعض المتعة. كان الجار غير سعيد، لكن جيم لم يهتم. لذلك هرب ليكتشف الغابة. كان لديه وقت رائع، يشاهد الأشجار ويطارد الطيور. وعندما عاد إلى المنزل، رأى جاره يتساءل لماذا كان غبيًا للغاية. ابتسم جيم فقط وقال: ""لقد استمتعت كثيراً!"" هز جاره رأسه وقال: ""لقد أخبرتك أنه ليس آمنًا!"" لكن جيم اختلف."
0,azerbaijani,"Bir vaxtlar Lili adlı kiçik bir qız var idi. Onun Snowball adlı ağ pişiyi var idi. Bir gün Lily və Snowball çöldə oynayırdılar ki, Snowball bir sümük gördü. Onu torpağa basdırmağa başladı. Lili soruşdu: ""Nə edirsən, Qartopu?"" Snoubol miyavladı: ""Mən bu sümüyü basdırıram ki, sonra tapa bilim."" 
 Lili Snoubolun gözünə baxdı və ağ bir şey gördü. Dedi ki, qartopu, sənin gözündə ağ bir şey var. Qartopu miyavladı, ""Həqiqətənmi? Qoy baxım"". Lili yaxından baxdı və bunun sadəcə bir xəz parçası olduğunu gördü. Snowball dedi: ""Uf, gözümdə nəsə olduğunu düşündüm"". 
 Lily və Snowball yağış başlayana qədər çöldə oynamağa davam etdilər. İçəri qaçıb birlikdə qucaqlaşdılar. Lili dedi: ""Mən səni sevirəm, Qartopu"". Snoubol miyavladı: ""Mən də səni sevirəm, Lili"". Və onlar daha çox sərgüzəştlər gözləyərək yuxuya getdilər."
1,azerbaijani,"Bir dəfə tülkü var idi. O, iri qulaqları, tüklü quyruğu və parlaq qara burnu ilə incə və yaraşıqlı idi. Tülkü hər gün naharını günəşli çəmənlikdə yeməkdən həzz alırdı. Sonra bir gün hər şey dəyişdi. 
 Tülkü çəmənliyin o tayından gələn səsi eşitdi. Bunun nə olduğunu görmək üçün hoppandı. Birdən tülkü özünü geniş, açıq bağda gördü. Bağın ortasında böyük bir maşın var idi. 
 Tülkü o qədər maraqlı idi ki, daha yaxından baxmaq qərarına gəldi. Yaxınlaşan kimi o, bir səsin ""Tərs!"" dediyini eşitdi. 
 Tülkü o qədər qorxdu ki, tez bağdan qaçdı. Arxaya baxanda maşın yox idi. Tülkü o qədər rahatladı ki, şansına təşəkkür etdi və çəmənlikdən geriyə atladı. O gündən tülkü getdiyi yerə daha diqqətli oldu. Bir daha belə qorxmaq istəmədi!"
2,azerbaijani,"Tom və Mia dostdurlar. Günəşdə çöldə oynamağı xoşlayırlar. Ancaq bu gün səma boz və böyük buludlar var. Tomun anası deyir ki, tezliklə yağış yağacaq. O, Tom və Miaya xəbərdarlıq edir ki, çölə çıxsalar, çətir götürsünlər. 
 Tom və mia qulaq asmır. Yağışın əyləncəli olduğunu düşünürlər. Çölə qaçıb çətiri evdə qoyub gedirlər. Onlar gölməçələrdə tullanır və bir-birinə sıçrayırlar. Gülürlər və əylənirlər. 
 Ancaq sonra yağış daha da şiddətlənir. Artıq əyləncə deyil. Soyuq və nəmdir. Tom və Mia titrəməyə və ağlamağa başlayır. Evə qayıtmaq istəyirlər. Amma onların çətiri yoxdur. Onlar islanmış və kədərlidirlər. 
 Tomun anası onları pəncərədən görür. O xoşbəxt deyil. O, çətir və dəsmal ilə çölə çıxır. O, Tom və Mianın üstünü çətirlə örtür və onları dəsmala bürür. Onları içəri aparır, isti paltar və şorba verir. 
 O deyir: ""Mən sənə xəbərdarlıq etmişdim ki, çətir götür. Yağış həmişə əyləncəli olmur. Bəzən darıxdırıcı və pis olur. Gələn dəfə məni dinlə və diqqətli ol"". 
 Tom və Mia başlarını yelləyirlər. Onlar peşmandırlar. Onlar Tomun anasını qucaqlayır və təşəkkür edirlər. Onlar dərslərini öyrənirlər. Yağış dayanana qədər oyuncaqları ilə içəridə oynamağa qərar verirlər. Günəşin tezliklə qayıdacağına ümid edirlər."
3,azerbaijani,"Bir vaxtlar Pit adlı şən bir oğlan var idi. Dostları ilə oynamağı və tullanmağı çox sevirdi. 
 Bir gün Pit müsabiqəyə qatılmaq qərarına gəldi. O, kubok qazanmaq istədiyi üçün çox həyəcanlı idi. Bacardığı qədər oynadı, amma təəssüf ki, qalib gələ bilmədi. 
 Pit o qədər kədərləndi ki, ağlamağa başladı. Dostları onun necə kədərləndiyini görüb, onu sevindirməyə çalışıblar. Onu çox qucaqladılar və çoxlu gülümsədilər. 
 Birdən Pit ağlamağı dayandırdı və gülümsədi. Yarışmada qalib olmasa da, dostları ona indiyə qədər ən şən kuboku vermişdilər. Hamı çox xoşbəxt idi və hamısı birlikdə qeyd etdilər. 
 O vaxtdan bəri, Pit həmişə müsabiqədə qalib olmasa da, kubok qazanmaq hissini xatırlayırdı."
4,azerbaijani,"Sara və Ben anaları ilə muzeyə gedirdilər. Muzeyi bəyəndilər, çünki orada görmək və öyrənmək üçün çox şey var idi. Anam dedi ki, ora çatmaq üçün metroya minməlidilər. Sara və Ben əvvəllər heç vaxt metroda olmamışdılar. Maraqlı və həyəcanlı idilər. 
 Onlar stansiyaya gedib qatarı gözlədilər. Çoxlu pəncərə və qapıları olan böyük bir metal ilan gördülər. Güclü səs çıxarıb onların qarşısında dayandı. Anam dedi ki, bu metrodur, tez içəri girib yer tapmalıyıq. Onların əllərindən tutub içəri apardı. 
 Metro izdihamlı və səs-küylü idi. Sara və Ben ətrafa baxanda müxtəlif rəngli və geyimli çoxlu insan gördülər. Bəziləri oxuyur, bəziləri danışır, bəziləri musiqi dinləyirdi. Onlar da gitara və papaqlı bir adam gördülər. O, mahnı oxuyur, oynayırdı. O, onlara gülümsəyərək dedi: ""Salam, balacalar. Musiqini sevirsinizmi?"" 
 Sara və Ben başlarını tərpətdilər. Musiqini çox sevirdilər. Kişinin mahnısına qulaq asıb əl çaldılar. Kişi dedi: ""Sağ ol, sağ ol. Çox mehribansan. Başqa mahnı eşitmək istəyirsən?"" Sara və Ben dedilər: ""Bəli, xahiş edirəm!"" 
 Kişi başqa mahnı oxudu. Söhbət qədim qalada yaşayan padşah və kraliçadan gedirdi. Sara və Ben mahnını bəyəndilər. Onlar özlərini padşah və kraliça kimi zənn edir, tac və paltar geyinirdilər. Onlar özlərini xoşbəxt və qürurlu hiss edirdilər. 
 Metro onların stansiyasında dayandı. Anam dedi: ""Bura bizim dayanacağımızdır. İndi çıxmalıyıq. Adamla sağollaşın"". Sara və Ben dedilər: ""Əlvida, mahnılara görə təşəkkürlər!"" Kişi dedi: ""Xoş gəldin, gününüz xoş keçsin!"" Onlara əl yelləyib gitara və papağını çantaya qoydu. 
 Ana, Sara və Ben metrodan düşüb muzeyə getdilər. Çoxlu sütunları və heykəlləri olan böyük bir bina gördülər. Ana dedi: ""Bu muzeydir. İçində çoxlu qədim əşyalar var. Onları görməyə hazırsan?"" Sara və Ben dedilər: ""Bəli, bizik!"" Ananın əlindən tutub muzeyə girdilər. Onlar daha çox öyrənməyə can atırdılar."
5,azerbaijani,"Bir vaxtlar kiçik bir evdə Mia adlı kiçik bir qız yaşayırdı. Mia kağızı əyləncəli formalara qatmağı sevirdi. O, kağızdan quşlara, qayıqlara və papaqlara qatlayardı. Bütün günü kağız oyuncaqları ilə oynamağı xoşlayırdı. 
 Bir gün Mia pəncərəsindən kənarda səs eşitdi. O, çölə baxdı və kiçik bir quş gördü. Quş uça bilmədiyi üçün kədərləndi. Mia quşa kömək etmək istədi, ona görə də onun üçün kağızdan qanad qatladı. Qanadı quşun üstünə qoydu və quş yenidən uça bildi. 
 Quş çox sevindi və onun köməyinə görə Miaya təşəkkür etdi. Digər heyvanlar Mianın nə etdiyini gördülər və hamısı onunla dost oldular. Mia öyrəndi ki, başqalarına qarşı xeyirxah və faydalı olmaq onu da xoşbəxt edir. Hekayənin əxlaqı, bacardığınız zaman başqalarına həmişə kömək etməkdir."
6,azerbaijani,"Matilda üç yaşında idi və oyuncaq lobya ilə oynamağı çox sevirdi. Bir gün o, bağçada gəzərkən iyli bir çiçək gördü. O, bununla maraqlanırdı, ona görə də anasını onun qoxusunu hiss etməsinə icazə verməyə çağırdı. ""Ehtiyatlı ol"" dedi anası. Matilda yaxınlaşıb burnunu çəkdi. Çiçək o qədər qoxuyurdu ki, o, qaçıb, paxlasını yerə atıb. 
 Matildanın anası paxlalı götürmək üçün yaxınlaşdı və dedi: ""Qoy bu, dərs olsun! Biz heç vaxt düşünmədən nəyisə çox tez etməyə çağırmamalıyıq."" Matilda üzr istədi, başını tərpətdi və anasını qucaqladı. Paxlasını əlində geri götürərək, növbəti dəfə daha diqqətli olacağına söz verdi."
7,azerbaijani,"James və Emily ən yaxşı dost idi. Günəşli bir gündə kəşfiyyata getməyə qərar verdilər. Gəzərkən meşədən keçən naməlum cığır gördülər. Onlar onu izləmək qərarına gəldilər və özlərini gözəl bir gizli gölün yaxınlığında tapdılar. Göl günəşdə parıldadı və cütlük tez üzmək qərarına gəldi. 
 Ceyms və Emili gizli sığınacaqlarını tapmaqdan xoşbəxt olaraq sərin suda gəzirdilər. Tezliklə Ceyms gölün ortasında böyük bir qaya gördü. O, üzmək və onu yoxlamaq qərarına gəldi. Yaxınlaşdıqca günəşdə nəyinsə parıldadığını gördü. Əlini uzadıb sudan böyük, parlaq bir xəzinə sandığını çıxardı. 
 Cütlük təəccübləndi və həyəcanlandı. Sinənin içərisində qızıl sikkə yığını var idi. Onlar gizli bir xəzinə tapmışdılar! Kəşflərindən məmnun olan Ceyms və Emili tez qərara gəldilər ki, bunu sirr olaraq saxlasınlar və gizli gölün başqa nə təklif etdiyini görmək üçün gözləsinlər."
8,azerbaijani,"Bir vaxtlar Lili adlı kiçik bir qız var idi. Bir səhər tezdən oyandı və pəncərədən bayıra baxdı. O, həyətdə qonşusunun pişiyinin oynadığını görüb. Lilinin pişiyi olmadığı üçün qısqanırdı. 
 Həmin gün Lili anası ilə parka getdi. Onlar topla oynayan bir neçə uşaq gördülər. Lili onlara qoşulmaq istəyirdi, amma utanırdı. Bunun əvəzinə onların oyununu izləmək qərarına gəldi. 
 Bir müddət sonra uşaqlardan biri Lilini onlarla oynamağa dəvət etdi. O, çox xoşbəxt idi və çox əyləndi. Evə gələndə atasına parkda keçirdiyi günü danışdı. Cəsur olduğu və yeni dostlar qazandığı üçün onunla fəxr edirdi."
0,chinese,"从前,有一位音乐家,他整天喜欢演奏音乐。他非常有才华,他的音乐非常有趣。
有一天,他在公园散步时,注意到一只小狗,它孤身一人。他赶紧跑到小狗身边,把它抱在怀里。小狗很高兴有一个新朋友,并依偎在音乐家身边。
音乐家决定把小狗带回家。他意识到这只小狗一定是迷路了,他想帮助它找到一个可以归属的地方。
他把小狗带回家,拿给他所有的朋友看。大家都觉得这只小狗非常可爱。他们笑着玩耍,小狗感觉就像在家里一样。
这位音乐家为小狗找到了完美的家庭,他很高兴帮助小狗找到了归属的地方。他们从此过上了幸福的生活!"
1,chinese,"从前,有一只小狗,名叫斑点。斯波喜欢玩他的球。有一天,斯波特在公园里看到一个大球。他高兴极了,想踢它。
斑点踢出了球,但它属于一个被宠坏的男孩。男孩因为斯波踢了他的球而生气。斑点感到悲伤并逃跑了。男孩追赶斯波,但他追不到他。
最后,男孩学会了分享,让 Spot 踢球。他们成了朋友,一起玩耍。这个故事的寓意是分享使每个人都快乐。"
2,chinese,"从前,在大海里,有一只大章鱼。章鱼有很多条腿。他人很好,很喜欢和鱼一起玩。有一天,章鱼正在和他的鱼朋友们玩耍时,发生了一件意想不到的事情。
一阵大浪袭来,把鱼卷走了很远。章鱼很伤心,想找到他的朋友。他游啊游,四处张望。然后,他看到了一艘载满了人的大船。人们一边喊一边指着什么东西。
章鱼游得更近,看到人们正在对他的鱼朋友大喊大叫!他们被困在一张大网里。章鱼很勇敢,用他有力的腿把网拉开了。鱼友们自由地游了过来,并向章鱼表示感谢。他们都回到了大海的家,从此快乐地玩耍。"
3,chinese,"萨拉喜欢唱歌。她一直在唱歌。她早上、下午、晚上都唱歌。她给她的洋娃娃、她的猫和她的妈妈唱歌。她唱快乐的歌、悲伤的歌、搞笑的歌。她长大后想成为一名歌剧演员。
有一天,她妈妈带她去看一场歌剧。萨拉非常兴奋。她穿上了她最好的衣服和闪亮的鞋子。当他们走向大剧院时,她牵着妈妈的手。她看到很多人都穿着漂亮的衣服。她听到音乐和鼓掌声。她闻到了爆米花和鲜花的味道。
他们找到座位,等待歌剧开始。莎拉看着舞台。她看到一个大窗帘,上面挂着图画。她看到了灯光和扬声器。她看到一个有许多乐器的大型管弦乐队。她听到一个响亮的声音说:""女士们、先生们,欢迎来到歌剧院!""
幕布拉开,莎拉看到了歌剧演员们。他们穿着漂亮的服装,戴着假发。他们在舞台上翩翩起舞。他们用萨拉听不懂的语言唱歌。但萨拉并不在意。她喜欢他们的声音。他们听起来就像天使。萨拉想和他们一起唱歌。
她低声对妈妈说:""妈妈,我可以和他们一起唱歌吗?求你了,求你了,求你了?""
她妈妈微笑着说:""不,亲爱的,你不能。你必须安静地听。也许当你长大了,你可以在歌剧中唱歌。但现在,你必须享受这个表演。""
莎拉点点头,但她并不高兴。她现在想唱歌。她感到胸口有一股强烈的冲动。她觉得自己必须唱歌。她闭上眼睛祈祷。她向上帝、向天使、向歌剧演员祈祷。她祈祷他们能让她和他们一起唱歌。她祈祷他们能听到她的声音并爱她。
她睁开眼睛,发现戏子们正在看着她。他们看上去既愤怒又害怕。他们停止唱歌并指着她。莎拉意识到她一直在大声唱歌。她在不知不觉中唱得越来越大声。在歌剧中间,她用自己的语言唱着自己的歌。
剧场里的人也都看着她。他们看上去又生气又恼怒。他们对她发出嘘声和嘶嘶声。他们向她扔爆米花和鲜花。他们对她大喊,让她安静并走开。
莎拉心里一阵剧痛。她感到眼里含着泪水。她感觉到妈妈的手把她从座位上拉了起来。她感觉到妈妈的声音在说:""我很抱歉,我很抱歉,我很抱歉。""
萨拉不明白。她并不是故意要毁掉这部歌剧。她并不是有意要惹大家生气。她只是想唱歌。她只想成为一名歌剧演员。
当他们离开剧院时,她哭了又哭。当他们走向汽车时,她哭了又哭。当他们开车回家时,她哭了又哭。
她感到孤独和悲伤。她觉得自己没有朋友。她感觉自己没有声音了。
她再也没有唱歌过。"
4,chinese,"从前,有一个小女孩,名叫莉莉。她喜欢和朋友们一起在公园里跑步和玩耍。有一天,莉莉在玩捉人游戏时摔倒了,伤到了肌肉。她哭了,她妈妈过来帮她。
妈妈说:""我们用一条热毛巾敷在你的肌肉上,这样会舒服一些。""莉莉点点头,她妈妈跑去拿毛巾。当她回来时,莉莉的朋友蒂米问:""莉莉,你还好吗?""莉莉皱眉道:""我的肌肉疼。""
提米说:""别担心,我们可以玩点别的,不会伤到你的肌肉。""莉莉微笑道:""听起来很有趣!""他们玩起了捉迷藏,玩得很开心。莉莉的肌肉感觉好多了,她很高兴有这么好的朋友。"
5,chinese,"有一天,一个名叫米娅的小女孩在地上发现了一些粉笔。她拿起它,开始在人行道上画画。她画了一个大太阳、一张幸福的脸和一只猫。米娅玩得很开心。
一个名叫蒂姆的男孩看到米娅画画,也想玩。 ""我可以和你一起画画吗?""他问。米娅说:""是的,你可以!""蒂姆发现了一支坏粉笔。虽然又小又脏,但他还是用了。他画了一只狗和一辆汽车。
过了一会儿,就到了回家的时间了。米娅的妈妈说:""你需要洗手。""米娅和蒂姆看着他们的手。它们被粉笔弄脏了。他们进去洗手。水冲走后变成了粉笔的颜色。他们笑着说:""再见!""对彼此。米娅和蒂姆迫不及待地想再次玩粉笔。"
6,chinese,"从前有一个女孩,她对日落感到非常兴奋。她看着美丽的色彩划过天空,微笑着。
女孩很喜欢日落,也想支持它。她以为自己可以保护夕阳,保证它的安全。所以每天,她都站着看着它,微笑着直到它消失。
当暴风雨来临时,事情发生了变化。女孩害怕了,试图撑起夕阳,但风雨太大了。夕阳被夺走了,女孩很伤心。
女孩再也没有见过日落,感到非常失望。无论她如何努力支持它,她都无法保证它的安全。"
7,chinese,"从前,有一只大熊,它非常饿。他决定去一家餐馆吃点面食。当他到达时,他看到有很多不同类型的面食可供选择。他问服务员哪一种最受欢迎  ,服务员告诉他是意大利面。
小熊决定点意大利面,然后耐心地等待食物上桌。当它终于到来时,他非常高兴,因为它看起来和闻起来都很美味。他咬了一大口,味道比看起来还要好!熊非常高兴,他又点了一盘意大利面带回家。
从那天起,小熊每周都会去餐厅点他最喜欢的面食。他告诉他所有的朋友这道菜有多美味,很快它就成了整个森林里最受欢迎的菜肴!"
8,chinese,"从前,有一个小女孩,名叫莉莉。她喜欢在阳光下在外面玩耍。有一天,她和妈妈一起去公园。他们看到地上有一根大棍子。莉莉说:""妈妈,我可以把棍子带回家吗?""
妈妈说:""当然,莉莉。但是要小心,它对你来说可能太重了。""莉莉拿起棍子说:""我准备好了,妈妈!""他们一起走回家,莉莉紧紧地握着棍子。
当他们回到家时,莉莉向她爸爸展示了那根大棍子。爸爸说:""莉莉,这是一根很好的棍子。但是你不应该在屋子里玩它。""莉莉点点头,把棍子放在外面的门廊上。
但那天晚上晚些时候,一场大风暴来了。风太大了,把棍子吹倒了。它撞到了窗户,把它打破了。莉莉感到悲伤和害怕。她说:""对不起,妈妈和爸爸。我不是故意用棍子打破窗户的。""他们拥抱了她,说:""没关系,莉莉。我们很高兴你安全了。"""
0,english,"
Once there was a little boy, he was so excited on the day of his safari. He was scared of all of the unknown animals, but he was excited to see them. He went to his room to pack his bag. He put all his clothes and then some food into his bag. 
The next morning, the little boy and his parents went to the safari. He was scared, but also very excited to see all of the animals. He looked over the tall bushes and saw some lions and elephants. He was scared and held tightly to his mom's hand. Then a snake came hissing close by, he was so scared! He quickly grabbed his bag and ran away. 
His parents managed to calm him down and pointed out all the friendly animals around. They taught him not to be afraid and to enjoy the safari. 
Slowly, the little boy started feeling more brave. He opened his bag and took out his binoculars to look around and watch the animals up close. He was no longer scared and was really enjoying the safari."
1,english,"Once upon a time, in a big green forest, there was an adorable little bunny. The bunny loved to play with his friends. They liked to play hide and seek. One day, the bunny found a special twig. It was a magic twig that could help him hide very well.
The adorable bunny showed the magic twig to his friends. They all wanted to try it. So, they took turns using the twig to hide. No one could find them when they used the magic twig. They all laughed and had so much fun.
But then, one day, the magic twig was gone. The adorable bunny and his friends were sad. They looked everywhere for the twig. Finally, they found it under a big tree. They were so happy! They knew they could play hide and seek again with the magic twig. From that day on, they took better care of the twig and always had fun playing together."
2,english,"One day, a little boy named Tim went to the park with his mom. They saw a wide tree with many branches. Tim wanted to climb the tree, so he asked his mom, ""Can I climb the tree, please?""
His mom said, ""Yes, but be careful, Tim!"" Tim climbed the tree and saw a big bird. The bird had a salad in its nest. The bird said, ""Hi, Tim! Do you want to share my salad?""
Tim said, ""Yes, please!"" So, Tim and the bird ate the salad together. They became good friends and played in the wide tree all day. When it was time to go home, Tim waved goodbye to the bird and climbed down the tree. He told his mom all about his fun day with the bird and the salad."
3,english,"Sara and her family went on a big aeroplane to visit her grandma. Sara was very excited to see the clouds and the sky from the window. She had a small bag with her toys and books. She wanted to play with them on the aeroplane.
But when the aeroplane took off, Sara felt sick. Her tummy hurt and she felt like throwing up. She told her mom, ""Mom, I don't feel good. I want to go home.""
Her mom gave her a hug and said, ""Don't worry, Sara. It's normal to feel sick on the aeroplane. It will go away soon. Here, have some water and a cracker. They will make you feel better.""
Sara drank some water and ate a cracker. She felt a little better, but she was still bored. She asked her mom, ""Can I unpack my bag and play with my toys?""
Her mom said, ""Yes, you can, but be careful not to make a mess. We have to share the space with other people on the aeroplane.""
Sara unpacked her bag and took out her toys and books. She started to play with her doll and her car. She made them talk to each other and pretended they were going on an adventure. She was having fun.
But then, she dropped her car on the floor. It rolled under the seat in front of her. She tried to reach for it, but she couldn't. She asked her mom, ""Mom, can you help me get my car? It's under the seat.""
Her mom said, ""Sure, I'll try."" She bent down and looked under the seat. She saw the car, but she also saw something else. It was a pair of dirty socks. Someone had left them there. They smelled bad.
Her mom said, ""Ew, gross! Who left these socks here? They stink!"" She grabbed the car and the socks and threw them in the trash. She said, ""Sorry, Sara. I don't think you want to play with your car anymore. It's dirty and smelly. Here, have another toy.""
Sara felt embarrassed. She didn't want to touch the socks or the car. She wondered who left them there and why. She said, ""Thank you, mom. I'm sorry I made a mess. I'll play with something else.""
She packed her bag again and took out a book. She decided to read it quietly until they arrived at grandma's house. She hoped grandma would have some clean and nice toys for her to play with. She also hoped she wouldn't feel sick on the way back."
4,english,"One day, a little boy named Tim went to the park with his mom. Tim had a big metal toy car that he loved to play with. He was very impatient to play with his car in the park.
At the park, Tim saw a small hole in the ground. He thought, ""Will my car fit in the hole?"" He asked his mom, ""Can I try to put my car in the hole?"" His mom said, ""Yes, but be careful.""
Tim tried to put his car in the hole, but it was too big. He felt sad. Then, something unexpected happened. A big dog came and put its nose in the hole. The dog found a ball and gave it to Tim. Tim was so happy! He played with the ball and his car, and had a great day at the park."
5,english,"Once upon a time, there was a dependable dog named Max. Max had a task to bring his owner's hat every day. Max liked his task because it made his owner happy.
One day, Max forgot his task. He did not bring the hat to his owner. His owner asked, ""Max, where is my hat?"" Max felt sad because he forgot his task.
Max ran to find the hat. He found it and brought it back to his owner. His owner said, ""Thank you, Max! You are a dependable dog."" Max was happy because he did his task and his owner was happy too."
6,english,"Once upon a time, there was a dog called Spot. Spot liked to roll around in the grass in the backyard. One day, he saw something special. It was a big tube made of wood, which was like a shelter. Spot liked this shelter because it was regular, which means the same each day.
Spot wanted to use his shelter, so he started to roll up the hill to get to it. He was feeling so excited! He was going so fast, it was like he was flying.
When Spot arrived, he saw that the shelter was even better than he thought. It was the perfect place to rest and stay safe. Spot rolled himself up inside, and lay there for hours, until it was time for dinner.
Spot enjoyed his regular trips to the shelter. Every day, he would roll up the hill and find his special spot, relax, and enjoy some peace and quiet. Spot loved his shelter!"
7,english,"Once upon a time, there was a little boy named Tim. Tim had a toy box with an open top. He loved to play with his toys every day. One day, he found a big toy with a handle. He didn't know what it was, but he liked it a lot.
Tim wanted to play with the big toy outside. But his mom said, ""No, Tim. You must prevent the toy from getting dirty."" Tim was sad, but he listened to his mom. He played with the big toy inside, near the open door. He was very careful not to let it get dirty.
Then, something unexpected happened. Tim's little sister, Sue, came running in from outside. She tripped and fell right into the toy box! The big toy with the handle stopped her from getting hurt. Tim was happy that he listened to his mom. The moral of the story is that sometimes, listening to your parents can help prevent bad things from happening."
8,english,"Sam and Mom were walking in the woods. It was a bright, sunny day. The birds were singing and the leaves on the trees were dancing in the breeze. All of a sudden, Mom stopped and pointed out in front of them.
""What is it, Mom?"" Sam asked.
""Look, Sam,"" said Mom. ""A vehicle. It looks very filthy.""
Sam's eyes widened. ""What kind of vehicle is it?""
""It looks like an old truck,"" Mom said. ""It's been here for a while. I think it has been here since last winter.""
They both took a few steps closer and suddenly, they heard a noise coming from the truck. It was a squeak and then a thud. A few moments later, the truck came to life and slowly started moving.
""Where is it going?"" Sam asked.
""I don't know,"" Mom said with a smile. ""Let's follow it and find out!""
They followed the truck for what seemed like forever until finally, it stopped in front of a big, frozen lake. The truck stopped and then, all of a sudden, the windows and doors froze up, as if it had been put under a spell.
""It looks like someone cast a spell on the truck,"" Mom said.
""A spell?"" Sam asked. 
""Yes,"" Mom said. ""But don't"
0,farsi," یک روزی روزگاری، یک گربه بزرگ به اسم تام و یک موش کوچک به اسم جری بودند. آنها در یک خانه زندگی می‌کردند. تام همیشه سعی می‌کرد جری را بگیرد، اما جری خیلی سریع بود.

یک روز، تام به جری گفت: ""بیا نوبتی کنیم. من دیگه سعی نمی‌کنم تو رو بگیرم، و تو هم پنیر به من می‌دی."" جری کمی فکر کرد و گفت: ""باشه، می‌تونیم نوبتی کنیم."" پس تام ساکت ماند و دیگر جری را تعقیب نکرد.  

از آن روز به بعد، همیشه پنیر در خانه موجود بود. تام و جری دوستان خوبی شدند. آنها با هم بازی می‌کردند و پنیر را به اشتراک می‌گذاشتند. و آنها تا ابد خوشبخت زندگی کردند."
1,farsi," یک روز پسری به نام تیم به پارک رفت. او دوستش سو را دید که با توپ بازی می‌کرد. تیم هم می‌خواست بازی کند. پس، به سمت سو رفت و گفت: ""می‌تونم باهات بازی کنم؟""
سو مهربان نبود. او بی‌ادب بود. او گفت: ""نه، نمی‌تونی با من بازی کنی!"" تیم ناراحت شد، اما ناامید نشد. او دید که روی کیف سو زیپی هست. او ایده‌ای به ذهنش رسید.  
تیم به سمت کیفش رفت و اسباب‌بازی‌ای را برداشت. بعد به طرف سو برگشت و اسباب‌بازی را به او نشان داد. ""می‌خوای با اسباب‌بازی من بازی کنی؟"" پرسید.
سو به اسباب‌بازی نگاه کرد و لبخند زد. ""بله، می‌خوام با اسباب‌بازی تو بازی کنم!"" گفت. پس تیم و سو با هم بازی کردند و خیلی هم خوش گذراندند. آنها یاد گرفتند که به اشتراک گذاشتن و مهربان بودن بهتر از بی‌ادبی است."
2,farsi," یک روزی روزگاری دو دوست بودند. آن‌ها یک قورباغه و یک ماهی بودند که در یک حوضچه با هم زندگی می‌کردند.  یک روز، قورباغه به ماهی گفت: ""بیا کار خوش‌ی دربیاریم!"" ماهی موافقت کرد و قورباغه ایده‌ای به ذهنش رسید. او یک میله بزرگ و بلند داشت و گفت: ""می‌خوام اینو به حوضچه معرفی کنم!""  
ماهی با دقت قورباغه را دنبال کرد در حالی که او میله را داخل حوضچه گذاشت. سپس آن‌ها تماشا کردند که میله در حوضچه تکان می‌خورد. ماهی هیجان‌زده شد و پرسید: ""داره چیکار می‌کنه؟"" قورباغه خندید و گفت: ""داریم ماهی‌گیری می‌کنیم!""  
چند دقیقه بعد، قورباغه میله را بیرون کشید و یک ماهی بزرگ و خوشمزه روی آن بود!  قورباغه خیلی خوشحال شد و ماهی حتی بیشتر هیجان زده شده بود. بعد از اینکه ماهی خوشمزه را خوردند، قورباغه و ماهی شروع به احساس خستگی کردند. 
پس در آفتاب گرم ظهر خوابیدند تا استراحت کنند. دوستان یکدیگر را بغل کردند و خداحافظی کردند، قبل از اینکه قورباغه راه خود را پیش بگیرد. آن دو خوشحال بودند و هرگز آن روزی را که با هم با میله ماهی‌گیری کرده بودند، فراموش نمی‌کردند."
3,farsi," یک روز یک موتور بزرگی بود.او در یک مکان دور زندگی می‌کرد.آن موتور دوست داشت گام بردارد و سریع حرکت کند.یک روز، آن موتور تپه بزرگی دید.او می‌خواست از بالای تپه بالا برود. 
وقتی که موتور شروع به بالا رفتن از تپه کرد، یک گربه کوچک دید. آن گربه کوچک غمگین بود. موتور متوقف شد و پرسید:""چرا غمگین هستی، گربه کوچولو؟"" گربه کوچک گفت:""اسباب‌بازیم را گم کردم. می‌توانی به من کمک کنی تا پیدایش کنم؟""
موتور موافقت کرد تا به گربه کوچک کمک کند. آنها با هم قدم زدند و دنبال اسباب‌بازی گشتند. آنها نزدیک و دور را جستجو کردند. بعد، آنها درخت بزرگی دیدند. اسباب‌بازی در بالای درخت بود! موتور ایده‌ای داشت. او عقب رفت و سریع حرکت کرد. او دود را به بالای درخت فوت کرد.  
آن دود اسباب‌بازی را پایین انداخت! آن گربه کوچک خیلی خوشحال شد. موتور و گربه کوچک بهترین دوستان شدند. آنها هر روز با هم قدم می‌زدند و بازی می‌کردند. و آن موتور بزرگ یاد گرفت که کمک کردن به دیگران از بالا رفتن سریع از تپه خیلی بیشتر سرگرم‌کننده است."
4,farsi," یک روز یک پسر بزرگ به نام تام وجود داشت. او عضلات زیادی داشت و دوست داشت نمایششون بده. یک روز با دختر کوچکی به نام سو ملاقات کرد. او خیلی نگران بود چون اسباب بازیش رو گم کرده بود. 

تام گفت: می‌تونم کمکت کنم پیداش کنیم. من قویم! سو خوشحال شد و گفت: ممنون تام!
آنها دنبال اسباب بازی گشتند. بعد تام یه جعبه بزرگ دید. او با قدرت و عضلاتش جعبه رو جابجا کرد تا اسباب بازی رو پیدا کنه.

اما وقتی به اسباب بازی نگاه کردند، متوجه شدند یک اسباب بازی کوچک نیست. بلکه یک اسباب بازی بزرگ بود، حتی بزرگتر از خود تام! تام و سو خیلی تعجب کرده بودند. آنها با هم با اون اسباب بازی بزرگ بازی کردند و خیلی هم خوش گذروندند. و دوستان خوبی برای هم شدند."
5,farsi," با ترجمه متن به فارسی به صورت زیر:

یک روزی روزگاری، یک خرگوش کوچولوی خجالتی به نام تیم زندگی می‌کرد. تیم دوست داشت در علفزار بازی کند. او تمام روز می‌پرید و می‌جهید. اما تیم خیلی خجالتی بود که با حیوانات دیگر دوست شود.  
یک روز آفتابی، تیم یک توپ بزرگ و گرد را در علف‌ها دید. او با تعجب به آن خیره شد و تعجب کرد این چیست. این توپ قرمز و براق بود. تیم می‌خواست با آن بازی کند، اما نمی‌دانست چطور.
ناگهان یک پرنده مهربان از کنارش پرواز کرد و دید تیم به توپ خیره شده است. پرنده به تیم نشان داد که چطور می‌تواند با بینی‌اش توپ را هل دهد. آن‌ها با هم بازی کردند و خیلی خوش گذراندند. تیم خوشحال بود که یک دوست پیدا کرد و دیگر خجالتی نبود."
6,farsi," یک روزی، پسر کوچکی به نام تیم بود. تیم با مامان و بابا و سگش، اسپات، در یک خانه کوچک زندگی می‌کرد. هوا خیلی سرد بود. تیم دوست داشت با اسپات توی برف بازی کند، ولی گاهی اوقات خیلی سرد بود. پس توی خانه می‌ماندند و تلویزیون تماشا می‌کردند.  
یک روز، مادر تیم گفت که نامه‌ای برای سانتا می‌فرستد. تیم خیلی ذوق‌زده شد! از سانتا یک اسباب‌بازی جدید خواست. تیم و اسپات منتظر پاسخ سانتا ماندند. برای گذراندن وقت، با هم تلویزیون تماشا می‌کردند.  
سرانجام، روزی یک جعبه بزرگ به خانه‌شان رسید. تیم و اسپات خیلی خوشحال شدند! جعبه را باز کردند و یک اسباب‌بازی جدید در آن پیدا کردند. تیم می‌دانست که سانتا آن را فقط برای او فرستاده بود. حالا تیم و اسپات اسباب‌بازی جدیدی برای بازی کردن در حین تماشای تلویزیون در روزهای یخ‌زده زمستانی داشتند. و همه آن‌ها تا ابد خوشبخت بودند."
7,farsi," لیلا و بن در باغ وحش با مامان و بابا هستند. آنها حیوانات بسیاری مانند شیرها، میمون‌ها و پرندگان می‌بینند. اما حیوان مورد علاقه‌شان فیل است. فیل بزرگ و خاکستری است و خرطوم بلندی به نام تیغ دارد.  

لیلا می گوید: ""مامان، نگاه کن، فیل برای ما دست تکان می‌دهد!"" و به خرطوم اشاره می‌کند. 

مامان با لبخند می گوید: ""آره، راست می‌گویی، لیلا. او خیلی دوستانه است.""

بن می‌پرسد: ""مامان، می‌توانیم برای فیل دست تکان دهیم و جوابش را بدهیم؟""

مامان می‌گوید: ""حتما، بن جان. بیایید برای فیل دست تکان بدهیم و بهش سلام کنیم.""

لیلا و بن دست‌هایشان را تکان می‌دهند و با صدای بلند می‌گویند: ""سلام، فیل!""

فیل دوباره خرطومش را تکان می‌دهد و صدای بلندی درمی‌آورد. لیلا و بن می‌خندند.  

بن می‌گوید: ""شاید او هم دارد سلام می‌کند.""

مامان می‌گوید: ""شاید، بن جان. یا شاید گرسنه است.""

لیلا می‌پرسد: ""مامان، می‌توانیم بهش غذا بدهیم؟""  

مامان می‌گوید: ""خب، اول باید از نگهبان باغ وحش بپرسیم. او می‌داند فیل چه چیزهایی دوست دارد بخورد.""

آنها اطراف را نگاه می‌کنند و مردی را می‌بینند که کلاه زیبایی به سر دارد و پیراهنی با لوگوی باغ وحش پوشیده است. او سبد بزرگی از میوه‌ها و سبزیجات را در دست گرفته است.  

مامان از او می‌پرسد: ""ببخشید آقا، می‌توانیم به فیل غذا بدهیم؟""

نگهبان می‌گوید: ""حتما، می‌توانید. او سیب و هویج دوست دارد. بیایید از سبد من چندتا بردارید و برایش نگه دارید. او با خرطومش آنها را می‌گیرد.""

او به لیلا و بن چند سیب و هویج می‌دهد و نشانشان می‌دهد چطور به فیل غذا بدهند.  

لیلا و بن خیلی خوشحال هستند. آنها به فیل غذا می‌دهند و نگاهش می‌کنند که می‌خورد. فیل هم خوشحال است. او دوباره خرطومش را تکان می‌دهد و صدای بلند دیگری درمی‌آورد.

لیلا و بن می‌گویند: ""ممنون، فیل عزیز. تو خیلی مهربان هستی.""

نگهبان می‌گوید: ""ممنون بچه‌ها، شما خیلی مهربان هستید.""

لیلا و بن مامان و بابا را بغل می‌کنند و از فیل خداحافظی می‌کنند. آنها یک بار دیگر دست تکان می‌دهند و به سمت حیوان بعدی می‌روند."
8,farsi," 

روزی، یک آمبولانس بزرگ قرمزی بود. این آمبولانس می‌خواست به مردم مجروح کمک کند. اما انجام این کار برایش به تنهایی خیلی سخت بود. او به کمک نیاز داشت تا در پشتیبانی از مردم مجروح موفق شود.

یک روز، آمبولانس دید یک ماشین آبی کوچک وجود دارد. ماشین آبی هم می‌خواست کمک کند. بنابراین به دوست هم تبدیل شدند. آنها می‌دانستند که با هم، می‌توانند کار سخت کمک به مردم مجروح را انجام دهند. 

ماشین آبی و آمبولانس برای کمک به یک پسر مجروح بیرون رفتند. خیلی سریع به محل رسیدند. اما وقتی به آنجا رسیدند، دیدند که پسری نیست! یک درخت بزرگ سبز بود که بر زمین افتاده بود! درخت غمگین بود که نمی‌تواند بایستد. ماشین آبی و آمبولانس با هم کار کردند و به درخت کمک کردند تا دوباره بایستد. آنها در انجام این کار سخت موفق شدند و یک دوست جدید، درخت سبز پیدا کردند."
0,german,"Es war einmal ein kleines Mädchen namens Mia, das mit ihrer Mutter und ihrem Vater in einem schönen Haus am Waldrand lebte. Mia liebte es, im Wald zu spielen und die Natur zu entdecken. Eines Tages, als sie im Wald spielte, entdeckte sie einen großen, grünen Baum mit vielen bunten Blättern. Sie war fasziniert von den Blättern und beschloss, einige von ihnen zu pflücken. Mia pflückte ein paar Blätter und begann, sie in ihrer Hand zu tasten. Sie fühlte die glatte und weiche Oberfläche der Blätter und spürte, wie sie sich in ihrer Hand warm anfühlten. Sie hielt die Blätter hoch und betrachtete sie genau. Sie waren wunderschön und sahen aus wie kleine Gemälde der Natur. Plötzlich hörte Mia ein Geräusch hinter sich. Sie drehte sich um und sah einen großen, freundlichen Bären, der sie ansah. Mia erschrak zunächst, aber sie beruhigte sich schnell, als sie sah, wie freundlich der Bär aussah. Der Bär kam näher und Mia streckte ihre Hand mit den Blättern aus. Der Bär nahm die Blätter vorsichtig in seine Pfoten und betrachtete sie. Er schien von den Blättern genauso fasziniert zu sein wie Mia. Er hielt sie eine Weile in seinen Pfoten und dann gab er sie Mia zurück. Mia lächelte und bedankte sich bei dem Bären. Der Bär drehte sich um und ging langsam davon. Mia sah ihm nach und als er an einem Baum vorbeiging, pflückte er ein paar Blätter. Er hielt sie in seinen Pfoten und sah Mia an. Mia lächelte und der Bär lächelte zurück. Dann drehte er sich um und verschwand im Wald. Mia war überrascht und glücklich. Sie hatte gerade einen freundlichen Bären kennengelernt und sie hatte etwas über die Natur gelernt. Sie wusste, dass sie niemals diesen Tag vergessen würde."
1,german,"Es war einmal ein kleiner schlechter Bär namens Bruno. Bruno lebte mit seiner Familie tief im Wald, wo es viele Bäume und Honig gab. Eines Tages ging Bruno auf einen Spaziergang, als er einen summenden Gelbstirntuch entdeckte. Die Biene summte vor Freude, weil sie gerade den schönsten Honig produziert hatte, den sie je gemacht hat! ""Bitte, Biene"", sagte Bruno, ""gleite zu deinem Bienenstock und bewahre diesen Honig für mich auf."" Die Biene gleitete davon und brachte den Honig zum Bienenstock. Als Bruno seinen Honig aß, fiel ihm auf, dass er etwas Schlechtes gegessen hatte. Aber die Biene war schnell zur Stelle und produzierte mehr Honig, um ihn auszugleichen. Und von diesem Tag an aß Bruno immer brav und wurde ein guter Bär.   "
2,german,"Es war einmal ein kleiner Junge namens Timmy. Eines Tages fühlte sich Timmy nicht gut und so beschloss seine Mama mit ihm zu Hause zu bleiben. Als sie nach dem Haus zurückkehrten sahen sie viele andere Kinder auf einem nahe gelegenen Spielplatz schwimmen. Timmys Bauch knurrte, also fragte er seine Mutter ob sie etwas zu Essen für ihn hätten. Seine Mutter holte einen Snack heraus und während er aß konnte er nicht anders als sich vorzustellen wie es wäre das Wasser um ihn herum zu spüren. Mama sagte ihm dann, dass sie heute Abend eine Geschichte mit der Badewanne zu Hause planen wollten. Timmy war begeistert von dem Vorschlag und er schätzte den Snack in seinem Bauch. mother Mama begann die Geschichte: ""Es war einmal ein kleiner Junge namens Timmy. Eines Tages fühlte sich Timmy nicht gut und so beschloss seine Mutter mit ihm zu Hause zu bleiben."""
3,german,"Es war einmal ein kleines Mädchen namens Alex. Alex liebte es, in dem lebendigen Haus zu spielen, in dem sie mit ihrer Familie lebte. Das Haus hatte viele Zimmer, in denen man spielen, lachen und toben konnte. Eines Tages, als Alex in ihrem Zimmer spielte, sah sie ein Buch auf ihrem Bett liegen. Es war ein Buch über verschiedene Familien und ihre Geschichten. Alex nahm das Buch und setzte sich in einen bequemen Sessel, um darin zu lesen. Sie war sehr interessiert an den verschiedenen Familien und ihren Traditionen. Plötzlich blieb ihr Blick an einer Familie hängen, die anders war als die anderen. Es waren zwei Mütter und ihr Kind. Alex hatte noch nie von so einer Familie gehört. Sie lief zu ihrer Mutter und zeigte ihr das Buch. ""Mama, wer sind diese zwei Frauen und ihr Kind?"", fragte Alex. Ihre Mutter lächelte und sagte: ""Das sind zwei Frauen, die sich lieben und eine Familie gegründet haben. Sie haben ein Kind adoptiert und sind sehr glücklich zusammen."" Alex war sehr überrascht und fragte: ""Aber Mama, können Frauen auch zusammen ein Kind bekommen?"" Ihre Mutter antwortete: ""Manche Frauen können Kinder bekommen, und manche nicht. Manche Frauen entscheiden sich dafür, ein Kind zu adoptieren oder eine Leihmutter zu engagieren. Es gibt viele Möglichkeiten, eine Familie zu gründen."" Alex dachte nach und fragte: ""Aber Mama, was ist, wenn ich ein Junge sein will, obwohl ich ein Mädchen bin?"" Ihre Mutter umarmte sie und sagte: ""Wenn du das fühlst, Alex, dann ist das in Ordnung. Wichtig ist, dass du du selbst bist und glücklich bist. Wenn du das Gefühl hast, dass du ein Junge bist, dann können wir darüber sprechen, wie wir deinen Namen und dein Aussehen ändern können, um dich glücklich zu machen."" Alex fühlte sich erleichtert und glücklich. Sie wusste jetzt, dass es viele Möglichkeiten gibt, eine Familie zu gründen, und dass es in Ordnung ist, man selbst zu sein und glücklich zu sein. Abends, als Alex im Bett lag, dachte sie an die Familie mit den zwei Müttern und ihr Kind. Sie dachte an ihre eigene Familie und wie sehr sie sie liebte. Sie dachte an sich selbst und wie glücklich sie war, sie selbst zu sein. Und mit diesem Gedanken schlief Alex ein, während sie das lebendige Haus noch hörte, in dem sie so glücklich war."
4,german,"Es war einmal ein kleines Kind namens Max, das ein großes Auto hatte. Das Auto war rot und glänzend und Max liebte es, damit zu spielen. Er fuhr mit dem Auto durch das ganze Haus und machte dabei rutschende Geräusche. Max' Eltern fanden es lustig, wie er mit dem Auto spielte, und sie spielten oft mit ihm. Eines Tages ging Max mit seinen Eltern in den Park. Er nahm sein großes Auto mit und fuhr damit im ganzen Park herum. Er rutschte mit dem Auto über die Hügel und fuhr es durch die Bäume. Max hatte viel Spaß, und er lachte und kicherte die ganze Zeit. Nach einer Weile wurde Max müde vom Spielen. Er setzte sich auf eine Bank und spielte mit seinem Auto. Er fuhr es vor und zurück und machte dabei rutschende Geräusche. Max' Eltern saßen neben ihm und schauten ihm zu. Plötzlich rutschte Max' Auto von der Bank und fiel auf den Boden. Max war erschrocken, aber er weinte nicht. Er hob sein Auto auf und begann, wieder damit zu spielen. Max spielte noch eine Weile mit seinem Auto, aber dann wurde es ihm langweilig. Er gab seinen Eltern das Auto und sagte, dass er nach Hause gehen wollte. Max' Eltern waren einverstanden, und sie gingen alle nach Hause. Als sie zu Hause waren, legte sich Max auf das Sofa und schlief ein. Er träumte von seinem großen Auto und davon, wie er damit im Park spielte. Max träumte, dass er mit dem Auto über die Hügel rutschte und durch die Bäume fuhr. Er träumte, dass er viel Spaß hatte und lachte und kicherte. Max träumte noch lange von seinem großen Auto, und als er am nächsten Morgen aufwachte, war er immer noch glücklich. Er stand auf und ging zu seinem Zimmer, um mit seinem Auto zu spielen. Er spielte den ganzen Tag mit seinem Auto und hatte viel Spaß. Er fuhr mit dem Auto durch das ganze Haus und machte dabei rutschende Geräusche. Max' Eltern fanden es lustig, wie er mit dem Auto spielte, und sie spielten oft mit ihm. Und so endete die Geschichte von Max und seinem großen Auto."
5,german,"Es war einmal ein kleines Mädchen namens Emma, das sehr gerne Kuchen backte. Sie liebte es, die Zutaten zusammenzumischen, den Teig in die Backform zu gießen und den Kuchen im Ofen zu beobachten, wie er aufging und goldbraun wurde. Eines Tages backte sie einen Schokoladenkuchen, den sie ihrer Familie und ihren Freunden zum Nachtisch servieren wollte. Sie mischte Mehl, Zucker, Kakao, Eier und Butter zusammen und goss den Teig in eine große Backform. Dann stellte sie den Kuchen in den Ofen und wartete gespannt darauf, bis er fertig war. Als der Kuchen fertig gebacken war, nahm sie ihn aus dem Ofen und ließ ihn abkühlen. Dann dekorierte sie ihn mit Schokoladenstreuseln und bunten Zuckerperlen. Der Kuchen sah so lecker aus, dass Emma ihn am liebsten sofort gegessen hätte. Doch sie wollte noch warten, bis ihre Familie und Freunde da waren, um ihn gemeinsam zu essen. Als alle endlich da waren, servierte Emma den Kuchen. Alle waren begeistert und lobten sie für ihre Backkünste. Emma war so glücklich, dass sie ihre Lieben mit ihrem Kuchen erfreut hatte. Sie lachte und genoss den Moment. Doch plötzlich bemerkte sie, dass der Kuchen einen eigenartigen Geschmack hatte. Er schmeckte irgendwie eklig. Emma spuckte den Kuchen aus und fragte ihre Familie und Freunde, ob sie den Geschmack auch bemerkten. Doch alle schüttelten den Kopf und sagten, dass der Kuchen ihnen sehr gut schmeckte. Emma war verwirrt. Sie wusste nicht, warum der Kuchen für sie so eklig schmeckte, während er für alle anderen so lecker war. Sie beschloss, den Kuchen wegzuwerfen und einen neuen zu backen. Doch auch der zweite Kuchen schmeckte ihr eklig. Emma war verzweifelt. Sie wusste nicht, was los war. Sie ging zum Arzt, doch der konnte auch nichts feststellen. Emma gab schließlich auf und beschloss, nie wieder Kuchen zu backen. Sie hatte Angst, dass er ihr wieder eklig schmecken würde. Doch die Geschichte ist noch nicht zu Ende. Eines Tages, als Emma mit ihrer Familie in einem Restaurant essen war, bestellte sie einen Schokoladenkuchen zum Nachtisch. Sie war sehr nervös, doch als sie den ersten Bissen nahm, war sie überrascht. Der Kuchen schmeckte ihr richtig gut! Sie konnte es kaum glauben. Sie hatte wieder einen Kuchen gefunden, der ihr schmeckte. Emma war so glücklich, dass sie anfangen zu weinen. Sie weinte vor Freude und Erleichterung. Sie hatte endlich wieder einen Kuchen gefunden, der ihr schmeckte. Doch die Geschichte endet zweideutig. Emma wusste nicht, warum ihr der Kuchen vorher eklig geschmeckt hatte und warum er ihr jetzt wieder schmeckte. Sie hatte keine Erklärung dafür. Doch sie war einfach nur froh, dass sie wieder Kuchen essen konnte. Sie genoss jeden Bissen und war dankbar dafür, dass sie diese Erfahrung gemacht hatte."
6,german,"Es war einmal ein kleiner Junge namens Paul, der eine große Leidenschaft für Farben hatte. Er liebte es, alles zu bemalen, was er in die Finger bekam. Die Wände seines Zimmers waren mit bunten Bildern bedeckt, und sogar seine Kleidung war mit Farbtupfern übersät. Eines Tages ging Paul mit seiner Mutter in den Supermarkt. Dort sah er eine große Wurst im Regal liegen. Die Wurst war so nah, dass er sie fast berühren konnte. Paul wurde von einer plötzlichen Idee erfasst. Er wollte die Wurst malen! Er rannte zu seiner Mutter und bat sie um einen Pinsel und Farbe. Seine Mutter war überrascht, aber sie erlaubte ihm, die Wurst zu bemalen. Paul nahm den Pinsel und die Farbe und begann, die Wurst zu bemalen. Er malte rote, grüne, blaue und gelbe Streifen auf die Wurst. Er malte auch ein Gesicht auf die Wurst, mit großen Augen, einer Nase und einem Mund. Als Paul fertig war, war die Wurst ein wahres Kunstwerk. Die Mutter war sehr beeindruckt von Pauls Malerei. Sie sagte: ""Das ist wunderschön, Paul! Du bist ein wahrer Künstler!"" Paul war sehr stolz auf sein Kunstwerk. Er trug die Wurst nach Hause und hängte sie in seinem Zimmer auf. Er zeigte sie allen seinen Freunden, und sie waren alle sehr beeindruckt. Eines Tages kam Pauls Großvater zu Besuch. Er sah die Wurst an der Wand hängen und sagte: ""Was ist das?"" Paul sagte: ""Das ist eine Wurst, Opa. Ich habe sie bemalt."" Der Großvater war sehr überrascht. Er sagte: ""Eine Wurst? Aber warum hast du eine Wurst bemalt?"" Paul sagte: ""Weil ich sie schön finde. Ich mag es, Dinge zu bemalen."" Der Großvater schüttelte den Kopf und sagte: ""Ich verstehe das nicht. Eine Wurst ist kein Kunstwerk. Es ist nur ein Stück Fleisch."" Paul war traurig, als er das hörte. Er wusste nicht, was er sagen sollte. Er hatte sich so sehr über sein Kunstwerk gefreut, aber jetzt sagte sein Großvater, dass es kein Kunstwerk sei. Paul ging in sein Zimmer und setzte sich auf sein Bett. Er dachte über das nach, was sein Großvater gesagt hatte. Er fragte sich, ob sein Großvater Recht hatte. War seine Wurst wirklich kein Kunstwerk? Paul wusste es nicht. Er war verwirrt. So blieb er die ganze Nacht auf seinem Bett sitzen und dachte über diese Frage nach. Die Wurst war sein Lieblingskunstwerk, doch sie war jetzt zweideutig, denn er konnte die Wurst nicht länger mit den gleichen Augen betrachten.."
7,german,"Es war einmal ein kleiner Junge namens Tommi, der in einem kleinen Dorf am Rande eines großen Waldes lebte. Tommi war ein fröhliches und neugieriges Kind, das liebte, draußen in der Natur zu spielen. Eines Tages, als Tommi im Wald spielte, sah er einen Baum, der anders war als alle anderen Bäume, die er kannte. Der Baum war rund und breit, und seine Blätter waren so grün und glänzend, dass sie in der Sonne leuchteten. Tommi hatte noch nie einen so schönen Baum gesehen und beschloss, ihn näher zu untersuchen. Als er sich dem Baum näherte, roch er einen süßen Duft, der von seinen Blüten ausging. Er schloss die Augen und atmete den Duft tief ein. Es war der schönste Duft, den er je gerochen hatte. Tommi setzte sich unter den Baum und lehnte sich gegen seinen Stamm. Er schloss die Augen und hörte dem Gesang der Vögel zu, die in den Zweigen saßen. Er fühlte sich so glücklich und zufrieden, wie er sich noch nie gefühlt hatte. Doch plötzlich wurde Tommi von einem Geräusch geweckt. Er öffnete die Augen und sah einen Mann mit einer Axt in der Hand vor sich stehen. Der Mann schwang die Axt und schlug sie in den Stamm des Baumes. Tommi schrie auf und versuchte, den Mann aufzuhalten, aber es war zu spät. Der Baum fiel mit einem lauten Krachen zu Boden. Tommi war traurig. Er hatte den Baum so sehr geliebt und konnte nicht glauben, dass er nun tot war. ""Wie konntest du das nur tun?"", fragte Tommi den Mann. ""Dieser Baum war so schön."" Doch der Mann zuckte nur mit den Achseln. ""Ich brauche das Holz, um ein Haus zu bauen"", sagte er. ""Du kannst dir doch einen anderen Baum aussuchen, es gibt hier so viele."" Tommi ging traurig nach Hause. Er wusste, dass der Mann recht hatte, und dass es hier im Wald noch viele andere Bäume gab. Doch kein Baum war so schön wie der Baum, den der Mann gefällt hatte."
8,german,"Es war einmal ein kleiner Junge namens Max. Max liebte alles, was mit Essen zu tun hatte, besonders mochte er Brot. Eines Tages sagte seine Mutter zu ihm: ""Max, du musst jetzt stark sein und dich von deinem saueren Gequengel verabschieden."" Max nickte, nahm ein Messer und ging zum Küchenschrank. Er nahm eine Laib Brot heraus und begann, es mit dem Messer in kleine Scheiben zu schneiden. Plötzlich fiel ein Stück Brot auf den Boden und zerbrach in viele kleine Stücke. Max sah nach unten und sah, wie das Sauce aus der Sauce auf der Seite des Laibs Brot spritzte. Er rief: ""Mama! Schau mal, wie das Sauce aus der Sauce auf der Seite des Laibs Brot spritzt!"" Aber seine Mutter winkte nur ab und sagte: ""Sei nicht albern, Max, geh und spiele mit deinen Freunden."" Und so machte sich Max auf den Weg zum Spielplatz.   "
0,hebrew," היה היה פעם צעצוע מיוחד זה היה רובוט קטן הרובוט היה שבור ילדה בשם מיה רצתה לתקן את היא ביקשה עזרה מאביה. ""אנחנו יכולים לתקן את הרובוט?"" היא אמרה. אבא אמר, ""כן, אנחנו יכולים לנסות."" הם הלכו למחסן ומצאו מסור. הם השתמשו במסור כדי לפתוח הרובוט. בתוך הרובוט, הם ראו חלקים רבים, הם ניסו לחבר את החלקים, אבל זה היה קשה, מיה הייתה עצובה. בסופו של דבר הם לא הצליחו לתקן את הרובוט הרובוט נשאר שבור מיה הייתה מאוד עצובה היא קיוותה שיהיה לה רובוט עובד אבל היא למדתי שלפעמים אי אפשר לתקן דברים.  <|endoftext|>"
1,hebrew," היה היה ילד קטן בשם טים טים אהב לשחק עם הצעצועים והציוד שלו יום אחד טים ראה כיסא גדול הוא רצה לשבת עליו. טים טיפס על הכיסא והתיישב אבל הכיסא לא היה רך זה היה קשה ולא נוח טים לא אהב את זה הוא קם והלכתי למצוא משהו אחר לשחק איתו. הוא מצא את ציוד הצעצועים שלו והתחיל לשחק טים היה שמח שוב הוא שיחק ושיחק כל היום טים ידע את זה גם אם יש דברים שלא היו נוחים, הוא תמיד יכול למצוא משהו כיפי לעשות, וזה הפך את טים לילד מאוד שמח.  <|endoftext|>"
2,hebrew," היה היה פעם קוף בשם מומו, מומו אהב לשמור על הסדר, הוא חי על עץ עם חבריו, ציפורים. יום אחד, מומו ראה בלגן גדול על הקרקע. הוא אמר לציפורים, ""תראו את הבלגן! בואו ננקה את זה."" הציפורים הסכימו, כולם התחילו לנקות. בזמן שהם ניקו, מומו מצא מקל, הוא ניסה לשבור אותו, אבל הוא היה חזק מדי. הצמדו לחצי, הציפורים ראו את זה ומחאו כפיים. מומו אמר, ""עכשיו אנחנו יכולים להשתמש במקל כדי לעזור לנקות."" הציפורים היו מאושרות, וכולם עבדו יחד כדי להפוך את ביתן מאורגנת שוב. בסופו של דבר, למומו ולציפורים היה עץ נקי ומאורגן, וכולם היו מאוד שמחים וגאים בעבודתם.  <|endoftext|>"
3,hebrew," יום אחד, כלב גדול ואכזרי בשם השופט יצא להליכה הוא אהב להתגלגל על הדשא ולשחק עם הכדור שלו בזמן שהוא היה משחק, הוא פגש חתול קטן שהיה עצוב מאוד. ""היי, חתול. למה אתה עצוב?"" שאל השופט. החתול ענה, ""איבדתי את הצעצוע שלי ואני לא יכול למצוא אותו."" השופט רצה לעזור, אז הם הלכנו לחפש את הצעצוע ביחד. הם חיפשו וחיפשו, אבל לא מצאו את הצעצוע ואז קרה משהו בלתי צפוי החתול מצא חור גדול ונפל השופט ניסה לעזור, אבל הוא לא הצליח, החתול היה תקוע והשופט היה עצוב מאוד, הסוף.  <|endoftext|>"
4,hebrew," יום אחד, ילדה קטנה בשם שרה הפליגה עם אבא שלה בסירה שלו. היא הייתה כל כך שמחה! השמש זרחה והמים היה כחול בהיר. בכל פעם שהם הפליגו על פני אי או ספינה, הם יכלו לראות תווית על זה כמו שם. יש לה תווית, היא הייתה קצת עצובה. אז שרה שאלה את אבא שלה למה. אבא שלה אמר, ""זה עצוב כי אף אחד לא יודע מי הבעלים של הספינה הזאת."" שרה הבינה טוב יותר למה זה עצוב, היא חייכה, נהנתה משאר היום שלה על הסירה עם אבא שלה.  <|endoftext|>"
5,hebrew," היה היה פעם כלב שחור גדול בשם מקס מקס גר בבית שליו עם משפחה נחמדה הוא אהב לשחק יום אחד, מקס יצא לטיול עם משפחתו בפארק. בזמן שהם הלכו, הם ראו ציפור קטנה נופלת מהעץ. מקס הרים את הציפור עם הפה ונשא אותה למשפחתו. המשפחה לקחה את הציפור הביתה ונתנה לה קצת אוכל ומים. פתאום, הציפור התחילה לגדול יותר ויותר! זה לא היה ציפור, אבל חבר קסום שיכול לשנות צורות מקס והמשפחה היו מאוד מופתעים החבר הקסום הודה למקס משפחה לעזרה שלהם ושיחקו איתם כל היום, לכולם היה יום מהנה ומאושר ביחד.  <|endoftext|>"
6,hebrew," היה היה פעם שומר עצבני, הוא גר בבית גדול ואדום, השומר לא אהב לראות אנשים ליד ביתו. הוא היה אומר, ""לך מכאן!"" יום אחד, חתול קטן בא לבית החתול היה חמוד מאוד השומר הרגזן ראה את החתול ואמר, ""לך מפה!"" אבל החתול החתול נשאר ושיחק. השומר העצבני ראה את החתול משחק והתחיל לחייך הוא שיחק גם עם החתול הם נהנו מאוד השומר לא היה הם היו חברים וחיו באושר בבית הגדול והאדום.  <|endoftext|>"
7,hebrew," היה היה פעם חפץ ידידותי בשם בוב בוב היה כדור עגול ושמח הוא גר בפארק גדול עם הרבה עצים ודשא, כל יום ילדים היו באים לשחק עם בוב והוא אהב את זה. יום שמש אחד בוב ראה חבר חדש החבר הזה היה ציפור קטנה וחמודה הציפור אמרה, ""היי בוב, אני יכולה לבוא לשחק איתך?"" היה מאוד שמח ואמר, ""כן, בואו נשחק ביחד!"" בזמן שהם שיחקו משהו לא צפוי קרה רוח גדולה באה ולקחה את בוב גבוה בשמיים הציפור פחדה אבל אז הציפור עפה למעלה, למעלה, למעלה, ותפסה את בוב, שניהם ירדו חזרה לקרקע, בריאים ושלמים. יום על, בוב והציפור היו החברים הכי טובים, והם תמיד שיחקו יחד בפארק.  <|endoftext|>"
8,hebrew," יום אחד, ילד בשם טים הלך לחנות עם אמא שלו, הם רצו לבזבז כסף על אוכל לארוחת ערב. מעברים והרימו כמה תפוחים, לחם וחלב טים היה מאוד שמח לעזור לאמא שלו בזמן שהם עשו קניות, טים ראה אדם שנראה ערמומי, האיש לקח ממתק ושם אותו בכיסו. לא נכון. הוא אמר לאמא שלו, ""אמא, האיש הזה הוא גנב!"" אמא שלו במהירות אמרה לעובד החנות. העובד עצר את הגנב ולקח את הממתקים בחזרה. הגנב הרגיש עצוב וריק בפנים. הוא ידע שהוא עשה דבר רע. העובד אמר הגנב, ""אתה לא חייב לקחת דברים בלי לשלם. זה לא בסדר. הגנב למד את הלקח שלו והבטיח לא לגנוב שוב. מוסר ההשכל של הסיפור הוא להיות תמיד כנה ולעולם אל תיקח דברים שלא שייכים לך.  <|endoftext|>"
0,hindi,"एक बार एक जंगल के बीचों-बीच एक दिलचस्प मंदिर था। जो भी उस मंदिर में गया, उसने कहा कि वह बहुत ख़ास था। उसके अंदर एक राज़ था।

एक दिन, कुछ लोगों ने तय किया कि वे मंदिर के अंदर कुछ ख़ास छिपा देंगे। उन्होंने उसे एक बॉक्स में रखा और जमीन के नीचे दफ़न कर दिया।

हर रोज़, दुनिया भर से लोग मंदिर में आते थे, लेकिन उनमें से कोई भी नहीं जानता था कि नीचे क्या दफ़नाया गया था। यह एक राज़ था, और यह हमेशा एक राज़ ही रहेगा।

मंदिर देखने वाले हर कोई हमेशा उत्साहित होता था। उन्होंने कहा कि यह अब तक की सबसे दिलचस्प जगह थी!"
1,hindi,"अन्ना और बेन दोस्त हैं जो साइकिल चलाना पसंद करते हैं। उनकी साइकिलें अलग-अलग हैं। अन्ना की साइकिल लाल है और उसमें एक बास्केट है, जबकि बेन की साइकिल नीली है और उसमें एक घंटी है। वे दोनों अपनी साइकिल को सबसे अच्छा मानते हैं।

एक दिन, वे दोनों ने एक दौड़ करने का फैसला किया। वे पार्क गए और एक पथ की तलाश की। उन्होंने ""तैयार, सेट, जाओ!"" कहा और पैडल करना शुरू कर दिया। अन्ना और बेन बहुत प्रतिस्पर्धी हैं। वे दौड़ जीतना चाहते हैं। वे पथ के साथ तेजी से आगे बढ़ते हैं, पेड़ों, फूलों और लोगों को पीछे छोड़ते हुए।

लेकिन पथ सीधा नहीं है। इसमें मोड़, उबड़-खाबड़ जगह और पुल हैं। अन्ना और बेन पथ पर ध्यान नहीं देते हैं। वे केवल एक-दूसरे को देखते हैं। वे और तेज़ चलने की कोशिश करते हैं। वे पथ के बीचों-बीच एक बड़े पत्थर को नहीं देखते हैं। वे दोनों पत्थर से टकराते हैं और अपनी साइकिलों से गिर जाते हैं।

अन्ना और बेन को चोट लगी है। उनके पास खरोंच और काले धब्बे हैं। उनकी साइकिलें टूट गई हैं। उनके पास कोई बास्केट या घंटी नहीं है। वे रोने लगते हैं। वे दुखी और गुस्से में हैं।

एक महिला उन्हें देखती है और मदद के लिए आती है। वह पूछती है, ""क्या आप ठीक हैं? क्या हुआ?"" अन्ना और बेन उसे दौड़ के बारे में बताते हैं। महिला कहती है, ""मुझे खेद है कि आपको चोट लगी। लेकिन तुम जानते हो, दौड़ना साइकिल चलाने का एकमात्र मज़ेदार तरीका नहीं है। आप साइकिल की सवारी का आनंद ले सकते हैं, पार्क की सुंदरता को देख सकते हैं, और एक-दूसरे के प्रति दयालु हो सकते हैं। यही साइकिल चलाने को खास बनाता है। इसकी गति या शैली नहीं, बल्कि दोस्ती और खुशी है।""

अन्ना और बेन महिला के कहने पर सोचते हैं। वे महसूस करते हैं कि वह सही है। वे एक-दूसरे से माफी मांगते हैं और एक-दूसरे को गले लगाते हैं। वे महिला का शुक्रिया अदा करते हैं। वे फिर से अपनी साइकिलों को ठीक करने और साथ में सवारी करने का फैसला करते हैं। लेकिन इस बार, वे दौड़ नहीं करते हैं। वे बस मज़े करते हैं।"
2,hindi,"एक बार एक खरगोश था। यह खरगोश खोज करना और रोमांच का आनंद लेना पसंद करता था। वह हर रोज़ कुछ मज़ेदार ढूंढने के लिए इधर-उधर कूदा करता था। 

एक दिन, उसे एक रहस्यमय जाल मिला। वह नहीं जानता था कि उसके अंदर क्या था। खरगोश डर गया था, लेकिन वह जानना चाहता था कि उसमें क्या है। वह सोच रहा था कि क्या वह अपनी जिज्ञासा पर भरोसा कर सकता है। 

अंत में, उसने खुद पर भरोसा करने का फैसला किया। उसने एक गहरी सांस ली और जाल में कूद गया। अंदर, उसे आश्चर्यजनक और स्वादिष्ट चीज़ें मिलीं। खरगोश ने खुद पर भरोसा करने के लिए खुश था। 

उस दिन से, खरगोश ने हमेशा खुद पर भरोसा किया, चाहे कुछ भी हो। वह जानता था कि हर बार उसे कुछ नया और रोमांचक मिलेगा।"
3,hindi,"टॉम एक मेंढक था जिसे परफॉर्म करना पसंद था। वह कूदना और गाना और अपने दोस्तों के लिए मज़ेदार चेहरे बनाना पसंद करता था। उसे किसी चीज़ से डर नहीं लगता था, न ही पोखरे में बड़ी मछली से।

एक दिन, उसने पोखरे में एक नई मेंढक देखी। वह बहुत सुंदर थी और उसकी आवाज़ अच्छी थी। टॉम उसका दोस्त बनना चाहता था, इसलिए उसने उसके लिए परफॉर्म करने का फैसला किया। उसने जितना हो सका, उतना ऊंचा कूदा, जितना हो सका, उतना जोर से गाया, और जितना हो सका, उतना मज़ेदार चेहरा बनाया।

लेकिन नई मेंढक हंसी नहीं या तालियां नहीं बजाईं। वह डरी और दुखी लग रही थी। टॉम आश्चर्यचकित था। उसने पूछा, ""क्या बात है? क्या आपको मेरा प्रदर्शन पसंद नहीं आया?""

नई मेंढक ने कहा, ""नहीं, मुझे नहीं पसंद। आप बहुत जोर से और बहुत मूर्ख हैं। आप बहादुर नहीं हैं, आप मूर्ख हैं। आपको बड़ी मछली से सावधान रहना चाहिए। वह आपको खा सकता है।""

टॉम को चोट लगी और वह गुस्से में आ गया। उसने कहा, ""मैं मूर्ख नहीं हूं, मैं बहादुर हूं। मुझे बड़ी मछली से डर नहीं लगता। वह मेरा दोस्त है। वह मेरे प्रदर्शन से प्यार करता है। देखते हैं!"" उसने पानी में कूदकर बड़ी मछली की ओर तैरना शुरू कर दिया।

नई मेंढक हैरान रह गई। वह सोचती थी कि टॉम पागल है। उसने देखा कि टॉम बड़ी मछली के करीब और करीब जा रहा था। वह उम्मीद कर रही थी कि बड़ी मछली अपना मुंह खोलेगी और टॉम को निगल जाएगी। लेकिन इसके बजाय, बड़ी मछली ने टॉम को मुस्कुराते हुए और आंख मिचौली करते हुए कहा, ""नमस्ते टॉम। आप बहुत बहादुर और बहुत मज़ेदार हैं। मुझे आपका प्रदर्शन पसंद है। क्या आप मेरे साथ खेलना चाहेंगे?""

टॉम ने कहा, ""हाँ, मैं चाहूंगा। आप बहुत अच्छे और मज़ेदार हैं। मुझे आपकी पसंद है। क्या आप मेरी नई दोस्त से मिलना चाहेंगे?"" उसने नई मेंढक की ओर इशारा किया, जो अभी भी किनारे पर थी।

बड़ी मछली ने कहा, ""ज़रूर, मैं चाहूंगा। वह बहुत सुंदर और बहुत शर्मीली है। मुझे वह पसंद है। चलिए, चलकर नमस्ते कहें।""

टॉम और बड़ी मछली किनारे पर तैरकर आए और नई मेंढक को अपने साथ आने के लिए आमंत्रित किया। नई मेंढक हैरान और उत्सुक थी। उसने कहा, ""आप बड़ी मछली के साथ दोस्त हैं? वह डरावनी नहीं है?""

टॉम ने कहा, ""नहीं, वह नहीं है। वह बहुत दोस्ताना और शांतिप्रिय है। वह भी प्रदर्शन करना और खेलना पसंद करता है, ठीक मेरी तरह। तुम भी इसे आज़माओ। यह मज़ेदार है।""

नई मेंढक थोड़ी देर के लिए सोची। उसने कहा, ""शायद मैं करूंगी। शायद तुम उतने बुरे नहीं हो जितना कि मैंने सोचा था। शायद तुम बहादुर और मज़ेदार हो। शायद मैं भी तुम्हारी दोस्त बन सकती हूं।""

टॉम मुस्कुराया। उसने कहा, ""मुझे खुशी होगी। चलिए, हम साथ में प्रदर्शन करते हैं और खेलते हैं।""

और वे ऐसा ही करते थे। वे कूदते, गाते, और मज़ेदार चेहरे बनाते। वे पानी में छिड़काते, तैरते, और एक-दूसरे का पीछा करते। वे बहुत मज़े करते थे। वे अच्छे दोस्त बन गए और पोखरे में हमेशा खुश रहते थे।"
4,hindi,"एक बार एक छोटी सी लड़की लिली थी। एक सुबह, उसने जल्दी उठकर किचन में नाश्ता करने के लिए जाने का फैसला किया। उसने फ्रिज खोला और एक बदबू आ रही थी, जिसे वह पसंद नहीं करती थी। इसलिए उसने फ्रिज बंद कर दिया और अपनी माँ को जगाने के लिए गई। 

लिली ने कहा, ""माँ, जागो! फ्रिज से बदबू आ रही है!"" उसकी माँ उठी और किचन में जाँच करने के लिए गई। उसने फ्रिज खोला और देखा कि कुछ खाना खराब हो गया था। तो उसने फ्रिज को साफ़ किया और बदबूदार खाना फेंक दिया। 

इसके बाद, लिली और उसकी माँ ने साथ में एक स्वादिष्ट नाश्ता किया। उन्होंने कॉर्नफ्लेक्स और दूध, और कुछ ताज़े फल खाए। लिली खुश थी कि फ्रिज से बदबू नहीं आ रही थी, और उसने अपनी माँ को उसे साफ़ करने के लिए धन्यवाद दिया। उन्होंने एक-दूसरे को गले लगाया और अपना दिन शुरू किया। अंत।"
5,hindi,"एक बार एक छोटी सी लड़की थी जिसका नाम लिली था। वह अपने स्पिनिंग टॉप के साथ खेलना पसंद करती थी। वह इसे घुमाती और गोल-गोल घूमते हुए देखती थी। एक दिन, उसने अपने टॉप के साथ खेलने के लिए पार्क की यात्रा की। उसने एक बड़ी टोपी और मज़ेदार मूंछ वाले एक आदमी को कुछ गेंदों को जुगल करने के दौरान देखा। 

लिली ने पूछा, ""तुम क्या कर रहे हो?""

आदमी ने जवाब दिया, ""मैं एक कलाकार हूं। मैं लोगों के लिए जुगल करता हूं।""

लिली ने पूछा, ""क्या तुम मेरे टॉप के साथ प्रदर्शन कर सकते हो?""

आदमी ने टॉप लिया और इसे अपनी नाक पर घुमाया। यह एक असामान्य चाल थी, लेकिन उसने इसे बिल्कुल सही कर दिया। लिली इतनी खुश थी कि उसने तालियां बजाईं। उस दिन से, जब भी वह पार्क जाती, वह कलाकार की तलाश में होती और वह हमेशा उसके लिए एक नया चाल दिखाता।"
6,hindi,"एक बार एक चालाक चूहा था जो कुछ खाना चुराना चाहता था। वह एक झाड़ी की ओर गया, जहाँ उसे लगा कि वह कुछ खाना पा सकता है। लेकिन फिर उसे एक झनझनाहट सुनाई दी। चूहे ने ऊपर देखा और एक चिड़चिड़ी होने को चारों ओर उड़ते हुए देखा। 

चूहा डर गया, लेकिन उसके पास एक चालाक योजना थी। उसने जल्दी से अपना हाथ बढ़ाया और बी की गर्दन को दबा लिया। बी बच नहीं सकती थी, इसलिए चूहे ने अपना खाना प्राप्त कर लिया। 

लेकिन फिर चूहे ने एक आवाज़ सुनी। ""रुको!"" यह कहकर आसमान से आई - यह एक शक्तिशाली बाज़ था। बाज़ ने कहा, ""किसी और प्राणी को चुभकेलना अच्छा नहीं है। हर कोई स्वतंत्र होने का हक़ रखता है!""

चूहे को शर्मिंदगी महसूस हुई, और उसने जल्दी से बी को जाने दिया। बी उड़ गया और चूहे ने एक महत्वपूर्ण सबक सीखा। उसने महसूस किया कि यह हमेशा बेहतर होता है कि आप अपने चालाक दिमाग का उपयोग करें न कि किसी और को चुभकेलें।"
7,hindi,"एक दिन, एक छोटे से लड़के जॉर्ज को बेचैनी हो रही थी और वह खजाने की तलाश करना चाहता था। उसने एक पास के मैदान में देखा और एक सुंदर चमकीली चीज़ देखी। उसने सावधानी से उस पर कूदकर उसकी जाँच की और एक छोटी सोने की खजाने की छाती पाई। वह बहुत उत्साहित हो गया और उसे खोलने का इंतजार नहीं कर सकता था। 

जॉर्ज ने चारों ओर देखा कि कोई देख न रहा हो, फिर घास पर बैठ गया। उसने छाती खोली और उसमें एक छोटा हरा रत्न पाया। जैसे ही उसने उसे छुआ, रत्न चमक उठा और सूरज की रोशनी में चमकने लगा। 

जॉर्ज ने हैरान होकर कहा, ""वाह!"" वह नहीं जानता था कि वह क्या था, इसलिए उसने अपना रिया (कंबल) पकड़ा और अपनी माँ को दिखाने के लिए दौड़ गया। 

जब वह घर पहुँचा, तो उसकी माँ ने पूछा कि उसने खजाना कहाँ पाया। जॉर्ज ने अपनी माँ को अपने साहसिक अनुभव के बारे में सब कुछ बताया, और उसकी माँ मुस्कुराई। उसने उसे बताया कि यह एक जादुई रत्न था और यह उसे अच्छी किस्मत देगा। 

जॉर्ज ने अपनी माँ का शुक्रिया अदा किया और फिर अपने बेडरूम की ओर दौड़ गया। उसने सावधानी से अपना रिया बिस्तर पर रखा और सावधानी से रत्न को ऊपर रखा। उसने कुछ पल के लिए बिस्तर पर बैठकर अपने नए खजाने की सराहना की और बहुत भाग्यशाली महसूस किया।"
8,hindi,"एक बार एक प्रसिद्ध हिरण था जिसका नाम फिन था। फिन अपने सभी जानवरों के दोस्तों के साथ जंगल में रहता था। एक दिन, फिन को जंगल में एक आवाज़ सुनाई दी, और वह जोरों से होती जा रही थी। फिन ने एक पहाड़ की चोटी पर चढ़कर देखने की कोशिश की कि आवाज़ कहाँ से आ रही है।

जब वह पहुँचा, तो उसने एक बड़ी आग देखी! फिन डर गया और मदद के लिए चिल्लाया।

तभी, एक बहादुर फायरमैन जंगल से बाहर निकला और बोला, ""चिंता मत करो! मैं तुम्हारी मदद करने के लिए यहाँ हूँ!""

फिन बहुत राहत महसूस की और उसने फायरमैन का धन्यवाद किया। उन्होंने मिलकर जंगल के माध्यम से दौड़ लगाई और फायरमैन ने अपनी पाइप से पानी का छिड़काव किया। उन्होंने जंगल को बचाया और फिन बहुत खुश था।

फायरमैन ने कहा, ""फिन, तुम बहादुर हिरण हो। अब तुम बहुत प्रसिद्ध हो गए हो!"""
0,korean,"어느 날, 토미라는 어린 소년이 엄마와 함께 공원에 갔어요. 그들은 뛰어노는 크고 하얀색 개를 보았어요. 토미는 그 개를 잡고 같이 놀고 싶었어요. 하지만 그 개는 너무 빨라서 토미는 잡을 수 없었지요. 토미의 엄마는 ""조심해, 토미야. 그 개는 다른 사람의 것일 수 있어.""라고 말했어요. 하지만 토미는 듣지 않고 계속 하얀색 개를 잡으려고 했어요. 그때 갑자기 한 남자가 와서 ""그 개는 내 개야, 그리고 값이 꽤 나간대!""라고 말했지요. 그 남자는 토미에게 화가 나 있었어요. 토미는 슬퍼하며 ""미안해요, 그냥 하얀색 개랑 놀고 싶었어요.""라고 말했어요. 그 남자는 이해하고 ""괜찮아, 하지만 다른 사람의 개랑 놀고 싶을 때는 항상 먼저 물어봐야 해.""라고 말했지요. 그 날 이후로, 토미는 다른 사람들의 물건을 가지고 놀기 전에 항상 물어보는 것을 배웠어요. 그리고 어떤 물건들은 비싸고 조심스럽게 다뤄야 한다는 것도 배웠답니다."
1,korean,"오래전에, 큰 홀에서 톰이라는 이름의 고양이와 맥스라는 이름의 개가 살고 있었습니다. 그들은 절친한 친구였지요. 매일 그들은 맑은 햇살 아래에서 함께 놀곤 했습니다. 어느 날, 톰과 맥스는 하늘을 바라보았습니다. 그들은 크고 붉은 공을 보았습니다. ""저건 뭐지?""라고 톰이 물었습니다. ""모르겠어요,""라고 맥스가 대답했습니다. 그들은 그 공을 찾아보기로 결정했습니다. 그들은 걸어서 걸어서 큰 붉은 공을 찾았습니다. 그것은 풍선이었습니다! 그들은 종일 풍선과 놀았습니다. 톰과 맥스는 매우 행복했습니다. 그들은 풍선을 다시 홀로 가져와 매일 함께 놀았습니다."
2,korean,"한때 고양이가 있었어요. 그는 매우 뚱뚱했고 발도 컸어요. 그의 이름은 톰캣이었죠. 그는 밖에서 노는 것을 좋아했지만 뛰는 데는 별로 뛰어나지 않았어요. 어느 날, 그는 마음에 들지 않는 것을 봤어요. 그것은 크고 검은 거미였어요. 그는 그것을 싫어했답니다! 그는 그 거미에게서 벗어나고 싶어서 최대한 빨리 달렸어요. 그는 너무 빠르게 달려서 딱딱한 무언가에 부딪혔어요. 그것은 밖에서 놀고 있던 작은 소녀의 무릎이었죠. 그 소녀는 뚱뚱한 고양이를 좋아하지 않아서 울기 시작했어요. 톰캣은 그 작은 소녀를 울리게 해서 너무 죄책감을 느꼈어요. 다시 친구가 되고 싶었답니다. 그는 그 소녀에게 사과하고 자신이 가장 좋아하는 장난감 쥐를 주었어요. 그녀는 다시 행복해졌고, 그들은 친구가 되었답니다."
3,korean,"릴리와 맥스는 친구예요. 그들은 밖에서 놀기를 좋아해요. 그들은 많은 나무와 꽃이 있는 큰 마당을 가지고 있어요. 가끔 그들은 누가 더 빠른지 보기 위해 서로 경주를 해요. 어느 날, 그들은 마당 끝에 있는 큰 참나무로 경주를 하기로 해요. 세 번을 세고 나서 정말 빠르게 뛰어요. 릴리가 앞서가고 있지만 맥스는 그 뒤를 바짝 따르고 있어요. 그들은 웃으며 뛰어요. ""와, 맥스, 해낼 수 있어!"" 릴리가 말해요. ""곧 갈게, 곧 갈게!"" 맥스가 말해요. 그런데 갑자기 큰 쾅 소리가 나요. 천둥이 울리는 거예요. 그들은 하늘을 올려다보고 흐린 구름을 봐요. 비가 올 거예요. 그들은 비를 싫어해요. 비에 젖으면 차갑고 축축해지거든요. ""집으로 가자!"" 릴리가 말해요. ""아니, 쉼터로 가자!"" 맥스가 말해요. 쉼터는 맥스의 아빠가 그들을 위해 만든 작은 나무 오두막이에요. 마당의 구석에, 울타리 근처에 있어요. 문도 있고 창문도 있으며 지붕도 있어요. 안은 포근하고 따뜻해요. 러그, 램프, 그리고 장난감도 있어요. 그들이 가장 좋아하는 놀이기예요. ""좋아, 쉼터로 가자!"" 릴리가 말해요. 그들은 방향을 바꾸고 쉼터로 경주를 해요. 비가 오기 시작할 때 딱 맞춰 도착해요. 그들은 문을 열고 안으로 들어가요. 문을 닫고 램프를 켜요. 러그에 앉아 서로 껴안아요. ""우린 해냈어!"" 릴리가 말해요. ""맞아!"" 맥스가 말해요. 그들은 웃으면서 주변을 둘러봐요. 그들의 장난감, 책, 간식도 볼 수 있어요. 필요한 모든 것을 갖추고 있어요. 그들은 행복하고 안전해요. ""이건 완벽한 쉼터야!"" 릴리가 말해요. ""맞아!"" 맥스가 말해요. 그들은 놀기와 이야기를 시작해요. 이제 더 이상 비를 신경 쓰지 않아요. 서로와 쉼터가 있으니까요. 그들은 세상에서 가장 좋은 친구예요."
4,korean,"안나와 벤은 친구예요. 함께 노는 것을 좋아해요. 가끔은 인형을 가지고 놀기도 하고, 가끔은 자동차를 가지고 놀기도 하며, 가끔은 블록을 가지고 놀기도 해요. 그들은 재미있게 놉니다. 어느 날, 그들은 페인트놀이를 하기로 결정했어요. 종이와 붓, 그리고 페인트를 찾았죠. 그림을 그리기 준비도 했답니다. 앞치마도 걸치고, 종이를 바닥에 펼치고, 페인트도 열어봤어요. 준비가 다 된 거죠. 안나는 꽃을 그리는 걸 좋아해요. 빨간 꽃, 노란 꽃, 파란 꽃을 그렸어요. 많은 꽃을 그렸답니다. 예쁘다고 생각해요. 벤은 동물을 그리는 걸 좋아해요. 개, 고양이, 새도 그렸죠. 많은 동물을 그렸답니다. 흥미롭다고 생각해요. 그들은 서로 그림을 보여주며, 좋은 말을 해요. 서로의 그림을 좋아해요. 행복해요. 평화롭습니다. 그들은 그림을 벽에 걸어두었어요. 그걸 바라보며, 웃어요. 자랑스러워해요. 포옹해요. 그들은 친구예요. 재미있게 놉니다."
5,korean,"안나와 벤은 많은 동물들이 있는 큰 목장에서 사는 쌍둥이 형제자매였습니다. 그들은 말, 소, 닭, 개들과 노는 것을 좋아했습니다. 그들은 엄마 아빠와 함께 동물들에게 먹이 주기, 달걀 줍기, 소 우유 짜기와 같은 일을 돕는 것도 즐겼습니다. 어느 날, 엄마는 그들에게 말에게 줄 건초를 가져다오라고 말했습니다. 비가 올 것 같으니 빨리 가야 한다고 했습니다. 안나와 벤은 서둘러 건초를 구하러 마구간으로 갔습니다. 하지만 가는 길에 큰 물웅덩이를 보았습니다. 그들은 물웅덩이에 뛰어들어 서로에게 물을 튀기며 신나게 놀았습니다. 그들은 건초와 말들을 잊고 많은 재미를 느꼈습니다. ""안나! 벤! 어디있니?"" 엄마가 집 안에서 불렀습니다. 그녀는 하늘을 올려다보며 짙은 구름을 봤습니다. 쌍둥이와 말들을 걱정하며 엄마의 목소리는 화가 나 있고 무서웠습니다. 그녀는 코트를 입고 그들을 찾으러 나섰습니다. 엄마는 물웅덩이에서 젖고 진흙투성이가 된 안나와 벤을 찾았습니다. ""뭐하는 거야?""라고 화를 내며 무섭게 물었습니다. ""건초랑 말들을 잊고 있었구나! 배고프고 추워해! 정말 못됐다!"" 안나와 벤은 미안한 마음을 느꼈습니다. 자신들이 잘못을 했다는 걸 알았죠. 사과하며 마구간으로 달려갔습니다. 거기서 건초를 얻어 말들에게 가져다 주었습니다. 그리고 말들에게 당근과 사과도 줬어요. 말은 째깍째깍 울며 그들의 손을 핥아주었습니다. 안나와 벤은 미소를 지으며 말을 껴안았습니다. 그들은 엄마와 함께 집으로 돌아왔습니다. 엄마는 더 이상 화가 나지 않았지만, 목욕을 하고 옷을 갈아입어야 한다고 했습니다. 그리고 다음에 더 조심하고 책임감을 가져야 한다고도 했습니다. 안나와 벤은 동의하며 엄마와 목장을 사랑한다고 말했습니다. 그들은 교훈을 얻었고 다시는 건초와 말들을 잊지 않았습니다."
6,korean,"옛날 옛적에 조용한 작은 마을이 있었습니다. 그 마을에 릴리라는 소녀가 살고 있었습니다. 그녀는 기쁨을 나누고 친구들을 돕는 것을 좋아했습니다. 어느 날, 릴리는 땅에 떨어진 여권(passport)을 발견했습니다. 그녀는 그것이 중요하다는 것을 알고 소유자를 찾아주고 싶었습니다. 릴리는 친구들에게 누가 여권을 잃어버렸는지 아는지 물었습니다. 그녀는 여권 속에 있는 사진을 그들에게 보여주었습니다. 친구들은 알지 못했지만, 도와주고 싶어 했습니다. 함께 그들은 마을 사람들을 찾아다니며 문을 두드리고 여권을 찾아보았습니다. 마침내 그들은 그 여권을 잃어버린 노파를 찾았습니다. 그녀는 여권을 되찾고 매우 기뻐했습니다. 릴리와 그녀의 친구들은 도와줘서 기분이 좋았습니다. 노파는 그들에게 감사의 표시로 쿠키를 주었습니다. 이 이야기의 교훈은 항상 다른 사람들을 돕고 친절을 전파하는 것입니다."
7,korean,"사라는 새 집으로 이사가게 되어 행복했습니다. 그녀는 새로운 친구들을 만들고 그들과 함께 놀고 싶었습니다. 그녀는 엄마 아빠가 상자에서 물건을 꺼내는 것을 도왔습니다. 그녀는 분홍색 유니콘이 그려진 가장 좋아하는 쿠션을 찾았습니다. 그녀는 그것을 껴안고 미소 지었습니다. 그녀는 쿠션을 들고 밖로 나갔습니다. 다른 아이들을 만나기 위해서죠. 공을 가지고 노는 아이들을 보았습니다. 그들은 인기가 많고 재미있어 보였습니다. 그녀는 그들과 함께 하고 싶어했습니다. 그녀에게 다가가 인사를 하고, 자기 쿠션을 보여주며 좋아하냐고 물었습니다. 다른 아이들은 그녀에게 웃었습니다. 그들은 그녀의 쿠션이 어리석고 아기 같다는 말을 하며, 그런 쿠션을 가질 나이가 너무 많다고 했습니다. 그들은 그녀가 인기가 없고 같이 놀 수 없다고 했습니다. 그들은 그녀의 쿠션을 빼앗아 진흙 속에 던져버리고 달아났습니다. 그녀 혼자 남겨두고요. 사라는 슬프고 화가 났습니다. 그녀는 쿠션을 주워 다시 청소하려고 했지만 너무 더럽고 축축해서 깨끗이 할 수 없었습니다. 그녀는 울면서 집으로 돌아가려고 했습니다. 그녀는 더 이상 새 집에 살고 싶지 않았습니다. 그녀는 다른 아이들을 좋아하지 않았고, 예전 친구들이 그리웠습니다. 그녀는 쿠션을 꺼내지 않았더라면 좋겠다고 생각했습니다."
8,korean,"어느 날, 팀이라는 소년이 나무에 화살을 발견했어요. 그는 그게 무엇인지 몰랐죠. 엄마에게 설명해 달라고 부탁했어요. 엄마는 말씀하셨죠, ""화살은 우리에게 어디로 가야 하는지 알려줘요."" 팀은 화살이 가리키는 곳이 어디인지 알고 싶어 했어요. 팀과 엄마는 화살을 따라 걸었어요. 그들은 매우 조심스럽게 행동했어요. 다른 나무에도 화살이 있는지 살폈죠. 곧, 또 다른 화살을 발견했어요. 그건 큰 언덕을 가리키고 있었답니다. 그들은 언덕을 올라가고, 크고 화난 개를 만났어요. 팀의 엄마는 말씀하셨어요, ""조심해야 해요. 그 개가 기분이 좋지 않거든요."" 팀과 엄마는 천천히 걸으면서 계속 조심했죠. 개는 그들을 보고 멀어져 가기 시작했어요. 그들은 화살을 따라가다가 크고 아름다운 공원을 발견했어요. 팀은 정말 행복했답니다! 그들은 공원에서 종일 놀며 길을 안내해준 화살에게 감사를 표했어요."
0,spanish,"Una ardilla corría en el árbol. Era una ardilla pequeña, pero corría muy rápido. 
¡La ardilla vio una nuez grande! ¡Era una nuez tremenda! La ardilla quería la nuez.
Un perro corría por el árbol. ¡El perro quería la nuez tambien! 
""¡No!"" dijo la ardilla. ""Esta es mi nuez.""
El perro corrió hacia la ardilla. ¡La ardilla era muy rápida! La ardilla corrió hacia arriba en el árbol. ¡El perro no podía subir al árbol! 
La ardilla comió la nuez. 
"
1,spanish,"Un día soleado, un niño pequeño vio pájaros. Los pájaros estaban limpios y brillantes. ""¡Vaya!"", dijo el niño. ""¡Pájaros bonitos!"" El niño quería tocar los pájaros, pero su mamá dijo que no. ""Los pájaros vuelan"", dijo la mamá. ""No puedes tocarlos"".

El niño estaba triste. Quería tocar los pájaros. Se escabulló y fue hacia los pájaros. ¡Quería tocarlos! Los pájaros estaban en un árbol alto. El niño subió el árbol. Quería tocar los pájaros.

El niño estaba en la cima del árbol. ¡Los pájaros estaban cerca! El niño estiró su mano. Quería tocar los pájaros. Los pájaros se asustaron. ¡Se fueron volando! El niño estaba triste. Los pájaros ya no estaban.

El niño bajó del árbol. Quería que los pájaros volvieran. Pero los pájaros no volvieron. El niño se sintió mal. ¡No podía tocar los pájaros! El niño lloró. Estaba muy triste. 

El niño se fue a casa. Se sintió triste. No podía tocar los pájaros. Se sintió mal. No podía ver los pájaros bonitos. El niño estaba triste. 
"
2,spanish,"Un oso grande y peludo estaba en su casa. Estaba haciendo una tarea. Tenía que hacer una pelota redonda. La pelota era para su amigo, el ratón. ""La pelota es para ti"", dijo el oso. ""Es redonda como una naranja.""

El ratón se alegró mucho. ""¡Gracias!"", dijo el ratón. ""Voy a jugar con ella."" El ratón corrió con la pelota redonda. Pero la pelota era muy grande. El ratón no podía correr con ella. ""¡Ay!"", dijo el ratón. ""La pelota es demasiado grande.""

El oso vio al ratón. ""La pelota es muy grande"", dijo el oso. ""Te ayudare"". El oso cerró sus ojos y sopló con fuerza. La pelota se hizo más pequeña. ""¡Ahora es perfecta!"", dijo el oso.

El ratón se alegró mucho. ""¡Gracias, oso!"", dijo el ratón. ""Ahora puedo jugar con la pelota."" El ratón corrió con la pelota redonda. Era del tamaño perfecto para jugar. El ratón estaba feliz. 
"
3,spanish,"Una niña pequeña llamada Lily estaba en la cama. Era de noche y estaba callada. Lily comía galletas. 

""¡Mmm! ¡Las galletas están ricas!"" dijo Lily. 

De repente, Lily vio algo brillante. Eran ángeles. Los ángeles estaban flotando en el cielo. 

""¿Hola?"" preguntó Lily. ""Ustedes son muy lindos."" 

Los ángeles sonrieron y volaron hacia Lily. Lily se sintió feliz. 
"
4,spanish,"Un niño y su papá fueron a la granja. Había muchas gallinas. El papá dijo: ""Vamos a ver una gallina famosa"". El niño dijo: ""¡Guau!"".

La gallina famosa era muy grande. Tenía plumas de colores. El niño dijo: ""¡Es bonita!"". El papá dijo: ""Sí, es la gallina más famosa de la granja"".

El niño quería tocar la gallina. Pero el papá dijo: ""No la toques, es especial"". El niño se sintió triste.

De repente, la gallina famosa hizo ¡Cluck! ¡Cluck! ¡Cluck! ¡Y puso un huevo! El huevo era grande y amarillo. 

El niño dijo: ""¡Es mágico!"". El papá dijo: ""Sí, la gallina famosa pone huevos mágicos"". El niño estaba muy feliz. 
"
5,spanish,"Un niño pequeño llamado Max estaba jugando con su camión rojo. ¡Le encantaba su camión! ¡Era rojo, grande y rápido! Max empujó el camión y el camión fue muy rápido. Max se rió. 

De repente, un cerdo llegó. El cerdo era gordo y tenía barro. El cerdo gruñó. ""Tú apestas"", dijo el cerdo a Max. Max se sintió triste. Él no apestaba. Él olía a flores. Max lloró.

El cerdo rió. ""Tú eres un cerdo"", dijo el cerdo. Max no era un cerdo. Max era un niño. Max lloró más fuerte. El cerdo se rió.

Entonces, Max tuvo una idea. ¡El cerdo olía a barro! Max le dijo al cerdo: ""Tú apestas"". El cerdo se puso rojo. ""Tú eres un cerdo"", gritó el cerdo. Max se rió. ""Tú eres un cerdo"", repitió Max. El cerdo se fue corriendo.

Max estaba feliz. ¡El cerdo se había ido! Pero, de repente, Max vio que el cerdo estaba allí de nuevo. ¡Tenía a su mamá! La mamá del cerdo era grande y estaba enojada. ¡Era la absoluta mamá cerdo más grande que Max había visto! La mamá cerdo gruñó y gritó. Max se asustó. ¡No era un buen día para Max! 
"
6,spanish,"Una niña pequeña fue al parque. Había muchas rocas allí. Ella vio un perro grande.  

""Hola"", dijo la niña. ""¿Puedes jugar?"" 

El perro dijo: ""Guau"".  Luego, la niña dijo: ""¡Bailamos!"". Ella comenzó a bailar. El perro tambien bailó.  

El perro era un buen bailarín. Ellos bailaron por un rato. Luego, la niña vio a su mamá. ""Mamá, mira"", dijo la niña. ""Estoy bailando con un perro"". 

Su mamá dijo: ""Eso es cierto. ¡Eres muy divertida!""  La niña estaba feliz. Ella y el perro bailaron un poco más.  
"
7,spanish,"Un perro pequeño llamado Spot tenía una cinta. La cinta era roja y brillante. ¡A Spot le encantaba su cinta! 

Un día, Spot vio un gato. El gato tenía una cinta tambien. Pero la cinta del gato era azul. Spot corrió hacia el gato. ""¡Tu cinta es azul!"", dijo Spot. ""¡Mi cinta es roja!""

El gato miró la cinta de Spot. ""Esa no es una cinta real"", dijo el gato. ""¡Es una cinta falsa!"" 

Spot se puso triste. ""¿Cómo puedo saber?"", preguntó Spot. ""¿Cómo puedo saber si la cinta es real o falsa?""

El gato sonrió. ""Las cintas reales no se caen"", dijo el gato. ""Y las cintas falsas sí."" El gato tocó la cinta de Spot con su pata. ¡Y la cinta de Spot se cayó! Spot comprendió. ¡Su cinta era falsa! 
"
8,spanish,"Una vez, había muchas mujeres. Eran felices. Tenían una casa grande y jugaban mucho. Un día, las mujeres salieron. Se fueron a un lugar nuevo.  

""Vamos a ser libres"", dijeron. ""Vamos a tener más cosas"". Pero el lugar nuevo era malo. Había mucho ruido. Las mujeres no tenían comida.

""¿Dónde están nuestras casas?"" preguntó una mujer. ""Estamos perdidas"".  Las otras mujeres no sabían que decir. No estaban felices.  

Las mujeres querían volver a su casa, pero no podían. Estaban perdidas. No tenían comida.  No eran libres.  Estaban tristes. 
"
0,turkish,"Bir gün annem ve babam büyük bir sürpriz düzenlemeye hazırlanıyorlardı. Bunun oğulları için bir sürpriz olduğunu ve öğrenmek için sabırla beklemesi gerektiğini söylediler.

Annem ve babam mağazaya gidip büyük, yeni bir yatak satın aldılar. Eve vardıklarında onu duvara dayadılar. Battaniye ve yastıklarla sardılar.

Küçük çocuk içeri girdi, yatağı gördü ve ""Bu ne?"" diye sordu.

Annem cevap verdi: ""Bu bir sürpriz. Onunla yatağını yapacağız.""

Küçük çocuk çok heyecanlıydı. Odasına koşup peluş hayvanlarını, kitaplarını ve oyuncaklarını aldı. Bunları yatağın çevresine dizerek rahat uyumasını sağladı.

Babam kıkırdadı, ""Sanırım hazır!""

Annem gülümsedi ve kabul etti: ""Evet. Şimdi dinlenme zamanı!""

Küçük çocuk yeni yatağına sokuldu ve özel sürpriziyle geçireceği eğlencenin hayalini kurarak derin bir uykuya daldı."
1,turkish,"Bir varmış bir yokmuş, eski bir evde Tom adında bir kedi ve Jerry adında bir fare yaşarmış. Arkadaş değillerdi. Tom her zaman Jerry'yi yakalamaya çalıştı. Jerry çok hızlıydı ve iyi saklanabiliyordu.

Bir gün Tom küçük bir ses duyduğunda yerde oturuyordu. Jerry'di. Jerry, ""Tom, arkadaş olabilir miyiz? Koşmaktan yoruldum"" dedi. Tom bir an bunu düşündü ve ""Tamam, arkadaş olabiliriz"" dedi.

O günden sonra birlikte oyun oynadılar ve yemek paylaştılar. Onlar çok mutluydu. Ve eski ev kahkaha ve neşeyle doluydu."
2,turkish,"Lila şanslı bir kızdı. Çok sevdiği büyük bir oyuncak fili vardı. Ona Bobo adını verdi ve her gün onunla oynadı. Ona sarıldı, onu besledi ve ona hikayeler anlattı.

Bir gün Lila'nın annesi markete gitmeleri gerektiğini söyledi. Lila, Bobo'yu yanına almak istedi ama annem hayır dedi. Bobo'nun çok büyük olduğunu ve kaybolabileceğini söyledi. Lila üzgün ve kızgındı. Bobo ile oynamayı bırakmak istemedi.

Bobo'yu sırt çantasında saklamaya çalıştı ama annesi onu gördü ve dışarı çıkardı. Bobo'yu gizlice arabaya sokmaya çalıştı ama annem onu   duydu ve onu geri koydu. Bobo'yla birlikte kaçmaya çalıştı ama annesi onu yakaladı ve elini tuttu. Lila ağladı ve çığlık attı. Mağazaya gitmek istemedi. Bobo'yla kalmak istiyordu.

Annem sabırlı ve nazikti. Lila'ya yakında döneceklerini ve Bobo'nun evinde güvende olacağını söyledi. Lila'nın Bobo'yu sevdiğini ancak bazen hoşlanmadıkları şeyler yapmak zorunda kaldıklarını anladığını söyledi. Lila'yı sevdiğini ve daha sonra Bobo ile oynayabileceklerini söyledi.

Lila sakinleşti ve annemi dinledi. Annesinin haklı olduğunu ve aptallık ettiğini fark etti. Annemden özür diledi ve ona sarıldı. Bobo'ya veda etti ve ona kendisini beklemesini söyledi. Annemle birlikte mağazaya gitti ve iyi davrandı. Hatta annemin meyve ve atıştırmalık toplamasına bile yardım etti.

Geri döndüklerinde Lila, Bobo'nun yanına koştu ve ona kocaman bir öpücük verdi. Ona mağazayla ilgili her şeyi ve gördüklerini anlattı. Annesine onu götürdüğü ve Bobo'yla oynamasına izin verdiği için teşekkür etti. Bir anneye ve onu seven bir oyuncak filine sahip olduğu için şanslı bir kız olduğunu söyledi. Annem gülümsedi ve ona sarıldı. Lila gibi bir kıza sahip olduğu için şanslı bir anne olduğunu söyledi. Bobo ile birlikte oynadılar ve çok eğlendiler."
3,turkish,"Jimmy çok heyecanlı hissediyordu. Arkadaşı Mark'la buluşmaya gitti ve parkta oynayacaklardı. Şapkasını taktı ve kapıdan çıktı.

Parka vardıklarında Jimmy yapılacak pek çok eğlenceli şey olduğunu gördü. Birkaç salıncak, bir kaydırak ve büyük, yüksek bir tepe gördü. Tepeye koştu ve etrafına baktı. Yukarıda her şey o kadar güzeldi ki.

Jimmy ve Mark yokuş aşağı bir yarış yapmaya karar verdiler. El ele tutuşup olabildiğince hızlı koşarken gülüyorlardı. Dibe vardıklarında Mark kazandığını söyledi. Ama Jimmy kendisinin de kazandığını düşünüyordu!

Sorunu çözmek için Mark bir dosya alacağını ve onu tepenin üstünü işaretlemek için kullanacağını söyledi. O zaman kimin zirveye ilk çıktığını bileceklerdi. Jimmy gülümsedi ve kabul etti.

Mark dosyayı getirdi ve hızla tepenin üstünü işaretlemeye başladı. Jimmy işareti görünce gülümsedi. Artık herkes yüksek tepedeki yarışı kimin kazandığını bilecekti!"
4,turkish,"Bir zamanlar Lily adında küçük bir kız varmış. Çiçekleri çok severdi ve onları her gün bahçesinden toplardı. Bir gün arkadaşı geldi ve güzel çiçekleri gördü. Kıskandı ve onları eve götürmek istedi.

Lily, ""Bir çiçeği ödünç alabilirsin ama onu geri vermelisin"" dedi. Arkadaşı mutluydu ve güzel pembe bir çiçek aldı. Ertesi gün geri getireceğine söz verdi.

Ertesi gün Lily'nin arkadaşı çiçeği iade etti ve ona yeni bir tane hediye etti. Lily mutluydu ve arkadaşına teşekkür etti. O günden sonra çiçekleri paylaşıp birlikte mutlu oldular."
5,turkish,"Bir varmış bir yokmuş, gökyüzünde zum yapmayı seven küçük bir kuş varmış. O kadar hızlıydı ki havadaki böcekleri yakalayabilirdi. Bir gün yerde yatan büyük, zengin bir kartal gördü. Küçük kuş, kartalın durumuna üzülmüş ve ona yardım edip edemeyeceğini sormuş.

Kartal, ""Ben aslında yaralanmadım, sadece senin gibi küçük kuşları yakalayabilmek için yaralı gibi davranıyorum"" dedi.

Küçük kuş korkmuştu ama aklına bir fikir geldi. Gökyüzüne doğru yükseldi ve sonra kartala doğru hızla geldi. Kartal onu yakalamaya çalıştı ama küçük kuş çok hızlıydı. Uçup gitti ve kartal, küçük kuşa yalan söylemeye çalıştığı için kendini aptal gibi hissederek orada öylece kaldı."
6,turkish,"Bir zamanlar çok zeki küçük bir çocuk varmış. Adı Jacob'du. Jacob oynamak için dışarı çıkmayı severdi ama ailesi onun her zaman evde kalmasını sağlardı.

Bir gün Jacob burnunda bir gıdıklanma hissetti. Durduramadı, sadece hapşırmak zorunda kaldı! Ailesi bile duydu! Annesi güldü ve ""Eminim açsındır!"" dedi. Öğle yemeğinde güzel bir bifteğe ne dersiniz?

Yakup çok heyecanlıydı. ""EVET!"" diye bağırdı. Bir biftek! Biftekleri seviyorum!

Annesi gülümsedi ve ""O halde gidip bir tane alalım!"" dedi.

Jacob ve annesi piyasadaki en büyük, en lezzetli bifteği almak için şehir merkezine gittiler. O kadar lezzetliydi ki Jacob yemeye devam etti!

Geri döndüklerinde Jacob ve annesi kanepeye kıvrılıp bifteklerinin tadını çıkardılar. Jacob çok mutlu ve doluydu! Harika bir gün geçirdi çünkü hapşırabiliyor, lezzetli bir biftek yiyebiliyor ve annesiyle vakit geçirebiliyordu."
7,turkish,"""Mia, ne yapıyorsun?"" diye sordu babam. Mia yatağının altından başını kaldırdı. Elinde gizli bir elbise vardı.

Mia heyecanla ""Elbisemle saklambaç oynuyorum"" diye yanıtladı.

Babam Mia'nın odasına meraklı gözlerle bakarken, ""Ama nerede saklanacak? Burada fazla yerimiz yok"" dedi.

Mia kıkırdadı ve şöyle dedi: ""Onu yastığımın altına koyacağım. Nerede olduğunu yalnızca ben biliyorum!""

Babam gülümsedi ve şöyle dedi: ""Bu elbisenin parasını ödemek için yardıma ihtiyacın olursa bana haber ver. Eminim sana biraz para bulabilirim.""

Mia babasına teşekkür etti ve ona sarıldı. Elbisesinin parasını ödemesine yardım etmeye istekli meraklı bir babası olduğu için çok mutluydu."
8,turkish,"Bir zamanlar Max adında bir köpek varmış. Max topuyla oynamayı seven iyi bir köpekti. Sahibine, Lily adındaki küçük kıza her zaman sadıktı. Bir gün Lily ve Max parkta yürüyüşe çıktılar. Yerde büyük bir anahtar gördüler. Lily onu aldı ve Max'e gösterdi. Max bunun komik olduğunu düşündü ve şaka yaptı. Lily güldü ve yürüyüşlerine devam ettiler.

Yürürken bir ağacın tepesinde bir sincap gördüler. Max bunun peşinden gitmek istiyordu ama Lily'ye sadık kalması ve onun yanında kalması gerektiğini biliyordu. Böylece yürüyüşlerine devam ettiler ve birlikte eğlendiler. Eve vardıklarında Lily, Max'e kocaman sarıldı ve onu ne kadar sevdiğini söyledi. Max kuyruğunu salladı ve yüzünü yaladı. Onlar en iyi arkadaşlardı ve birlikte her zaman iyi vakit geçiriyorlardı. Son."
0,vietnamese,"Ngày xửa ngày xưa, có hai người bạn tên là Sam và Phil. Sam rất mạnh mẽ, còn Phil thì rất dũng cảm. Một ngày nọ họ quyết định tham gia một cuộc phiêu lưu.
Sam và Phil đi ngang qua một cảng lớn, đen ngòm. Sam muốn khám phá nó nhưng Phil quá sợ hãi. '
""Đừng sợ,"" Sam nói. 'Chúng ta có thể cùng nhau chiến đấu bất cứ gì.'
Thế là Sam và Phil lắng nghe một cách cẩn thận rồi đi vào cảng. Trời tối om và kỳ quái, nhưng họ vẫn tiếp tục bước đi. Đột nhiên, họ nghe thấy tiếng gầm gừ rất lớn phát ra từ bóng đêm.
- Hãy nắm tay nhau và can đảm lên, - Sam nói.
Hai người nắm tay nhau bước tới. Đột nhiên, hai con mèo đen xuất hiện. Sam và Phil rất sợ hãi.
- Chúng ta chiến đấu đi!
Vì vậy, Sam và Phil cùng nhau chiến đấu với những con mèo. Chúng gầm gừ và cào móng vuốt của chúng, nhưng cuối cùng Sam và Phil đã giành chiến thắng!
Họ ăn mừng bằng cách trao cho nhau một cái ôm lớn, và Sam và Phil khám phá cảng cùng nhau."
1,vietnamese,"Tom là một cậu be thích phiêu lưu và thích chơi với đồ chơi của mình. Cậu có một chiếc xe đồ chơi lớn để ngồi trong đó và lái vòng quanh sân. Cậu cũng có một chiếc còi để tạo ra những tiếng động lớn. Cậu thích dùng nó để dọa chim chóc và mèo.
Một ngày nọ, anh thấy một cô gái mới trong ngôi nhà bên cạnh. Cô ta có mái tóc dài và mặc váy hồng. Cô ta đang chơi với búp bê cùng bộ trà. Tom muốn gặp cô ta để làm bạn. Anh lái xe đến hàng rào và dùng còi để chào hỏi.
""Bíp bíp! Xin chào, tôi là Tom. Tên cậu là gì?"" cậu ta het lên.
Cô gái ngước lên và nhìn thấy Tom. Cô không sợ cái tù, cô mỉm cười nói, ""Chào, tôi là Lily. Anh có muốn chơi với tôi không?""
Tom gật đầu và nói, ""Vâng, tôi có thể mang theo xe và còi được không?""
Lily nói, ""Chắc chắn là được. Nhưng cậu phải nhẹ nhàng với búp bê và bộ trà của tớ. Chúng rất quý giá đối với tớ.""
Tom đồng ý và lái xe ra cổng. Gã mở cửa xe rồi đi vào trong. Gã cùng Lily chơi với nhau một lúc lâu. Họ uống trà với con búp bê, lái xe vòng quanh sân. Hai người dùng còi để tạo ra những âm thanh vui nhộn và cười đùa. Họ trở thành bạn tốt và có rất nhiều trò vui. Tom mừng vì mình đã dám phiêu lưu và sử dụng chiếc tù và của mình để gặp Lily."
2,vietnamese,"Ngày xửa ngày xưa, có một cô be tên Amy. Amy có một cuốn nhật ký. Cô be viết vào đó mỗi ngày. Một ngày nọ, Amy cảm thấy phiền muộn. Cô be không biết phải làm gì.
Amy đến bên mẹ. ""Mẹ ơi, con đang gặp rắc rối,"" cô be nói. ""Con nên làm gì đây?"" Mẹ cô mỉm cười và nói, ""Khi mẹ gặp rắc rối, mẹ có thể cầu nguyện. Cầu nguyện sẽ giúp mẹ cảm thấy tốt hơn.""
Amy về phòng và cầu nguyện. Cô cảm thấy khá hơn sau khi cầu nguyện xong, rồi viết nhật ký về việc cầu nguyện. Từ ngày hôm đó trở đi, bất cứ khi nào Amy cảm thấy khó khăn, cô biết mình có thể cầu nguyện và viết nhật ký. Và cô sống hạnh phúc mãi mãi về sau này."
3,vietnamese,"Ngày xửa ngày xưa, có một con thuyền nhỏ rất đẹp. Con thuyền thích ngồi ở cảng cả ngày. Nó thích ngắm cá bơi và chim bay.
Một ngày nọ, con thuyền nhìn thấy một con tàu lớn, rất lớn đi vào cảng. Con tàu rất cao và rất dài. Con thuyền muốn làm bạn với con tàu. Vì vậy, con thuyền đã đến chỗ con tàu và nói, ""Xin chào, bạn có muốn ngồi cùng tôi trong bến cảng không?""
Con tàu lớn nhìn con thuyền nhỏ và mỉm cười. ""Vâng, tôi muốn ngồi cùng bạn,"" con tàu nói. Vì vậy, họ ngồi cùng nhau trong bến cảng, ngắm cá và chim chóc. Họ trở thành những người bạn rất tốt và có rất nhiều niềm vui. Và họ sống hạnh phúc mãi mãi về sau."
4,vietnamese,"Một ngày nọ, một con chim nhỏ đang ở trong tổ của nó. Nó có hai cánh để bay. Con chim tức giận vì không thể bay cao như những con chim khác. Nó muốn thêm nhiều cánh hơn nữa để bay cao hơn và nhanh hơn.
Chú chim nhỏ nhờ một chú chim to giúp đỡ. Chú chim lớn có ý tưởng. Nó tìm thấy hai chiếc lông vũ to và thêm chúng vào đôi cánh của chú chim nhỏ đó, chú chim nhỏ rất vui mừng và phấn khích khi được thử đôi cánh mới của mình.
Con chim nhỏ cố gắng bay với đôi cánh mới của nó. Nhưng một điều bất ngờ đã xảy ra! Thay vì bay cao hơn, con chim nhỏ bắt đầu quay vòng vòng trong không khí. Con chim to nhanh chóng giúp đỡ con chim nhỏ và cất cánh bổ sung vào. Con chim be học được rằng nó ổn khi khác biệt và nó không cần thêm cánh để trở nên đặc biệt nữa."
5,vietnamese,"Ngày xửa ngày xưa, trong một khu rừng lớn có một con chuột nhỏ. Con chuột nhỏ đó có cái đuôi dài. Nó thích chơi với cái đuôi của nó cả ngày.
Một ngày, con chuột nhỏ nhìn thấy một thứ gì đó chưa biết. Nó to và tròn. Nó sợ hãi nhưng cũng muốn chơi với nó. Vì vậy, nó đặt đuôi lên vật lạ này. Nhưng, ôi không! Đuôi của nó bị kẹt lại!
Con chuột nhỏ cố gắng thả đuôi ra. Nó keo và keo. Sau đó, một con gấu to lớn thân thiện đến giúp con chuột nhỏ. Với một cú giật nhẹ nhàng, con gấu thả cái đuôi của con chuột xuống đất. Con chuột nhỏ rất vui mừng và cảm ơn chú gấu. Họ trở thành những người bạn tốt nhất và chơi cùng nhau trong khu rừng lớn mỗi ngày"
6,vietnamese,"Một ngày nọ, một cô be tên Lily tìm thấy một củ khoai tây trong vườn nhà mình. Củ khoai không giống bất kỳ loại khoai tây nào khác. Nó rất hữu dụng. Lily nhặt nó lên và ôm lấy nó thật chặt.
""Chào khoai tây!"" Lily nói. 'Anh có muốn làm bạn với tôi không?' Khoai tây không nói gì, nhưng Lily biết nó rất vui khi được làm bạn của cô ấy.
Lily và củ khoai tây chơi suốt ngày. Chúng chơi với đồ chơi của Lily và vui vẻ. Cuối cùng, Lily ôm chặt củ khoai tây thêm một cái nữa.
""Tạm biệt, khoai tây,"" Lily nói. ""Cảm ơn vì đã là một người bạn hữu ích.""
Ngày hôm sau, Lily tìm thấy một củ khoai tây hữu ích khác trong vườn. Cô cũng ôm lấy nó và kết bạn mới. Lily yêu những người bạn có củ khoai tây hữu dụng của mình."
7,vietnamese,"Ngày xửa ngày xưa, có một cậu be tên Tim. Tim có một món đồ chơi mới. Món đồ chơi này có hai cánh tay. Một bên to và một bên nhỏ.
Một ngày nọ, Tim nhìn thấy một con bọ. Con bọ muốn đánh nhau. Tim dùng món đồ chơi của mình với cánh tay to và cánh tay nhỏ để chống lại con bọ đó. Con bọ rất khỏe nhưng món đồ chơi của Tim thì mạnh hơn.
Tim và đồ chơi của cậu đã thắng trận. Con bọ biến mất. Tim vui vẻ. Cậu chơi với món đồ chơi mới cả ngày. Và họ không bao giờ còn sợ lũ bọ nữa"
8,vietnamese,"Một ngày nọ, một con mèo lớn và một con chó nhỏ đi dạo trong công viên. Chúng thấy một cái cây khổng lồ với rất nhiều sương mù xung quanh nó. Con mèo nói, ""Hãy đi xem sương mù!"" Con chó nói, ""Được rồi, nhưng chúng ta cần phải chăm sóc lẫn nhau.""
Khi đến gần đám sương mù, họ thấy một chiếc hộp lớn. Con mèo nói, ""Tôi tự hỏi có gì trong hộp."" Con chó nói, ""Tôi không biết nhưng chúng ta nên quan tâm và xem xet."" Họ mở hộp ra và tìm thấy rất nhiều đồ chơi bên trong.
Ngay khi họ bắt đầu chơi với đồ chơi, một cô be từ trong sương mù bước ra. Cô be nói, ""Đây là đồ chơi của tôi nhưng tôi muốn chia sẻ với bạn!"" Con mèo và con chó rất vui vẻ và chơi với những món đồ chơi cùng nhau. Tất cả đều vui vẻ và kết bạn mới."
