,temperature,topic,story
0,0.05,Old friend calls after twenty years of silence.,"AI uses algorithms to learn from data and make predictions or decisions.
"
1,0.05,You find someone’s wallet and recognize the photo inside.,"AI learns from data to make predictions or decisions.
"
2,0.05,Neighbor asks you to keep a strange secret.,"AI learns patterns from data to make predictions or decisions.
"
3,0.05,You overhear a conversation not meant for you.,"AI learns patterns from data to make predictions or decisions.
"
4,0.05,Unexpected letter arrives with no return address or name.,"AI learns patterns from data to make predictions or decisions.
"
5,0.05,A chance meeting changes your entire daily routine.,"AI learns patterns from data to make predictions or decisions.
"
6,0.05,You help a stranger and they never say thanks.,"AI learns patterns from data to make predictions or decisions.
"
7,0.05,Lost phone reveals someone’s hidden double life.,"AI learns from data to make predictions or decisions.
"
8,0.05,You see someone you know pretending not to notice.,"AI learns patterns from data to make predictions or decisions.
"
9,0.05,Childhood home is up for sale again.,"AI learns patterns from data to make predictions or decisions.
"
10,0.1,Old friend calls after twenty years of silence.,"AI learns from data to make predictions or decisions.
"
11,0.1,You find someone’s wallet and recognize the photo inside.,"AI learns patterns from data to make predictions or decisions.
"
12,0.1,Neighbor asks you to keep a strange secret.,"AI learns from data to make predictions or decisions.
"
13,0.1,You overhear a conversation not meant for you.,"AI learns from data to make predictions or decisions.
"
14,0.1,Unexpected letter arrives with no return address or name.,"AI uses algorithms to learn from data and make predictions or decisions.
"
15,0.1,A chance meeting changes your entire daily routine.,"AI learns from data to make predictions or decisions.
"
16,0.1,You help a stranger and they never say thanks.,"AI learns patterns from data to make predictions or decisions.
"
17,0.1,Lost phone reveals someone’s hidden double life.,"AI uses algorithms to learn from data and make predictions or decisions.
"
18,0.1,You see someone you know pretending not to notice.,"AI learns patterns from data to make predictions or decisions.
"
19,0.1,Childhood home is up for sale again.,"AI learns patterns from data to make predictions or decisions.
"
20,0.15,Old friend calls after twenty years of silence.,"AI learns patterns from data to make predictions or decisions.
"
21,0.15,You find someone’s wallet and recognize the photo inside.,"AI learns patterns from data to make predictions or decisions.
"
22,0.15,Neighbor asks you to keep a strange secret.,"AI learns from data to make predictions or decisions.
"
23,0.15,You overhear a conversation not meant for you.,"AI learns from data to make decisions or predictions.
"
24,0.15,Unexpected letter arrives with no return address or name.,"AI learns patterns from data to make predictions or decisions.
"
25,0.15,A chance meeting changes your entire daily routine.,"AI learns patterns from data to make predictions or decisions.
"
26,0.15,You help a stranger and they never say thanks.,"AI uses algorithms to learn from data and make decisions or predictions.
"
27,0.15,Lost phone reveals someone’s hidden double life.,"AI learns patterns from data to make predictions or decisions.
"
28,0.15,You see someone you know pretending not to notice.,"AI learns from data to make predictions or decisions.
"
29,0.15,Childhood home is up for sale again.,"AI uses algorithms to learn from data and make predictions or decisions.
"
30,0.2,Old friend calls after twenty years of silence.,"AI learns from data to make predictions or decisions.
"
31,0.2,You find someone’s wallet and recognize the photo inside.,"AI learns patterns from data to make predictions or decisions.
"
32,0.2,Neighbor asks you to keep a strange secret.,"AI learns from data to make predictions or decisions.
"
33,0.2,You overhear a conversation not meant for you.,"AI learns from data to make predictions or decisions.
"
34,0.2,Unexpected letter arrives with no return address or name.,"AI learns from data to make predictions or decisions.
"
35,0.2,A chance meeting changes your entire daily routine.,"AI learns patterns from data to make predictions or decisions.
"
36,0.2,You help a stranger and they never say thanks.,"AI learns patterns from data to make predictions or decisions.
"
37,0.2,Lost phone reveals someone’s hidden double life.,"AI uses algorithms to learn from data and make predictions or decisions.
"
38,0.2,You see someone you know pretending not to notice.,"AI learns from data to make predictions or decisions.
"
39,0.2,Childhood home is up for sale again.,"AI learns patterns from data to make predictions or decisions.
"
40,0.25,Old friend calls after twenty years of silence.,"AI learns patterns from data to make predictions or decisions.
"
41,0.25,You find someone’s wallet and recognize the photo inside.,"AI learns patterns from data to make predictions or decisions.
"
42,0.25,Neighbor asks you to keep a strange secret.,"AI learns patterns from data to make predictions or decisions.
"
43,0.25,You overhear a conversation not meant for you.,"AI uses algorithms to learn from data and make predictions or decisions.
"
44,0.25,Unexpected letter arrives with no return address or name.,"AI learns from data to make predictions or decisions.
"
45,0.25,A chance meeting changes your entire daily routine.,"AI learns from data to make predictions or decisions.
"
46,0.25,You help a stranger and they never say thanks.,"AI learns patterns from data to make predictions or decisions.
"
47,0.25,Lost phone reveals someone’s hidden double life.,"AI learns patterns from data to make predictions or decisions.
"
48,0.25,You see someone you know pretending not to notice.,"AI uses algorithms to learn from data and make decisions.
"
49,0.25,Childhood home is up for sale again.,"AI learns patterns from data to make predictions or decisions.
"
50,0.3,Old friend calls after twenty years of silence.,"AI learns patterns from data to make predictions or decisions.
"
51,0.3,You find someone’s wallet and recognize the photo inside.,"AI learns patterns from data to make predictions or decisions.
"
52,0.3,Neighbor asks you to keep a strange secret.,"AI learns patterns from data to make predictions or decisions.
"
53,0.3,You overhear a conversation not meant for you.,"AI learns patterns from data to make predictions or decisions.
"
54,0.3,Unexpected letter arrives with no return address or name.,"AI learns patterns from data to make predictions or decisions.
"
55,0.3,A chance meeting changes your entire daily routine.,"AI learns patterns from data to make predictions or decisions.
"
56,0.3,You help a stranger and they never say thanks.,"AI learns patterns from data to make predictions or decisions.
"
57,0.3,Lost phone reveals someone’s hidden double life.,"AI mimics human intelligence using algorithms to learn, reason, and solve problems.
"
58,0.3,You see someone you know pretending not to notice.,"AI learns patterns from data to make predictions or decisions.
"
59,0.3,Childhood home is up for sale again.,"AI learns patterns from data to make predictions or decisions.
"
60,0.35,Old friend calls after twenty years of silence.,"AI learns patterns from data to make predictions or decisions.
"
61,0.35,You find someone’s wallet and recognize the photo inside.,"AI learns from data to make predictions or decisions.
"
62,0.35,Neighbor asks you to keep a strange secret.,"AI learns patterns from data to make predictions or decisions.
"
63,0.35,You overhear a conversation not meant for you.,"AI learns patterns from data to make predictions or decisions.
"
64,0.35,Unexpected letter arrives with no return address or name.,"AI learns patterns from data to make predictions or decisions.
"
65,0.35,A chance meeting changes your entire daily routine.,"AI uses algorithms to learn from data and make predictions or decisions.
"
66,0.35,You help a stranger and they never say thanks.,"AI learns patterns from data to make predictions or decisions.
"
67,0.35,Lost phone reveals someone’s hidden double life.,"AI learns patterns from data to make predictions or decisions.
"
68,0.35,You see someone you know pretending not to notice.,"AI uses algorithms to learn from data and make predictions or decisions.
"
69,0.35,Childhood home is up for sale again.,"AI learns from data to make predictions or decisions.
"
70,0.39999999999999997,Old friend calls after twenty years of silence.,"AI uses algorithms to learn from data and make decisions.
"
71,0.39999999999999997,You find someone’s wallet and recognize the photo inside.,"AI uses algorithms to learn from data and make predictions or decisions.
"
72,0.39999999999999997,Neighbor asks you to keep a strange secret.,"AI learns from data to make predictions or decisions.
"
73,0.39999999999999997,You overhear a conversation not meant for you.,"AI learns patterns from data to make predictions or decisions.
"
74,0.39999999999999997,Unexpected letter arrives with no return address or name.,"AI learns patterns from data to make predictions or decisions.
"
75,0.39999999999999997,A chance meeting changes your entire daily routine.,"AI learns from data to make predictions or decisions.
"
76,0.39999999999999997,You help a stranger and they never say thanks.,"AI learns patterns from data to make predictions or decisions.
"
77,0.39999999999999997,Lost phone reveals someone’s hidden double life.,"AI learns patterns from data to make predictions or decisions.
"
78,0.39999999999999997,You see someone you know pretending not to notice.,"AI learns from data to make predictions or decisions.
"
79,0.39999999999999997,Childhood home is up for sale again.,"AI learns patterns from data to make predictions or decisions.
"
80,0.44999999999999996,Old friend calls after twenty years of silence.,"AI learns patterns from data to make predictions or decisions.
"
81,0.44999999999999996,You find someone’s wallet and recognize the photo inside.,"AI learns from data to make predictions or decisions.
"
82,0.44999999999999996,Neighbor asks you to keep a strange secret.,"AI learns patterns from data to make predictions or decisions.
"
83,0.44999999999999996,You overhear a conversation not meant for you.,"AI learns patterns from data to make predictions or decisions.
"
84,0.44999999999999996,Unexpected letter arrives with no return address or name.,"AI learns from data to make predictions or decisions.
"
85,0.44999999999999996,A chance meeting changes your entire daily routine.,"AI learns patterns from data to make predictions or decisions.
"
86,0.44999999999999996,You help a stranger and they never say thanks.,"AI learns from data to make predictions or decisions.
"
87,0.44999999999999996,Lost phone reveals someone’s hidden double life.,"AI learns patterns from data to make predictions or decisions.
"
88,0.44999999999999996,You see someone you know pretending not to notice.,"AI learns patterns from data to make predictions or decisions.
"
89,0.44999999999999996,Childhood home is up for sale again.,"AI learns from data to make predictions or decisions.
"
90,0.49999999999999994,Old friend calls after twenty years of silence.,"AI learns from data to make predictions or decisions.
"
91,0.49999999999999994,You find someone’s wallet and recognize the photo inside.,"AI learns patterns from data to make predictions or decisions.
"
92,0.49999999999999994,Neighbor asks you to keep a strange secret.,"AI learns patterns from data to make predictions or decisions.
"
93,0.49999999999999994,You overhear a conversation not meant for you.,"AI learns patterns from data to make predictions or decisions.
"
94,0.49999999999999994,Unexpected letter arrives with no return address or name.,"AI learns from data to make predictions or decisions.
"
95,0.49999999999999994,A chance meeting changes your entire daily routine.,"AI learns patterns from data to make predictions or decisions.
"
96,0.49999999999999994,You help a stranger and they never say thanks.,"AI learns patterns from data to make predictions or decisions.
"
97,0.49999999999999994,Lost phone reveals someone’s hidden double life.,"AI learns patterns from data to make predictions or decisions.
"
98,0.49999999999999994,You see someone you know pretending not to notice.,"AI learns patterns from data to make predictions or decisions.
"
99,0.49999999999999994,Childhood home is up for sale again.,"AI learns patterns from data to make predictions or decisions.
"
100,0.5499999999999999,Old friend calls after twenty years of silence.,"AI learns patterns from data to make predictions or decisions.
"
101,0.5499999999999999,You find someone’s wallet and recognize the photo inside.,"AI learns from data to make predictions or decisions.
"
102,0.5499999999999999,Neighbor asks you to keep a strange secret.,"AI uses algorithms to learn from data and make predictions or decisions.
"
103,0.5499999999999999,You overhear a conversation not meant for you.,"AI learns patterns from data to make predictions or decisions.
"
104,0.5499999999999999,Unexpected letter arrives with no return address or name.,"AI learns from data to make predictions or decisions.
"
105,0.5499999999999999,A chance meeting changes your entire daily routine.,"AI learns patterns from data to make predictions or decisions.
"
106,0.5499999999999999,You help a stranger and they never say thanks.,"AI learns patterns from data to make predictions or decisions.
"
107,0.5499999999999999,Lost phone reveals someone’s hidden double life.,"AI learns from data to make predictions or decisions.
"
108,0.5499999999999999,You see someone you know pretending not to notice.,"AI learns patterns from data to make predictions or decisions.
"
109,0.5499999999999999,Childhood home is up for sale again.,"AI learns patterns from data to make predictions or decisions.
"
110,0.6,Old friend calls after twenty years of silence.,"AI learns patterns from data to make predictions or decisions.
"
111,0.6,You find someone’s wallet and recognize the photo inside.,"AI learns patterns from data to make predictions or decisions.
"
112,0.6,Neighbor asks you to keep a strange secret.,"AI uses algorithms and data to learn, adapt, and perform tasks.
"
113,0.6,You overhear a conversation not meant for you.,"AI learns patterns from data to make predictions or decisions.
"
114,0.6,Unexpected letter arrives with no return address or name.,"AI learns patterns from data to make predictions or decisions.
"
115,0.6,A chance meeting changes your entire daily routine.,"AI learns patterns from data to make predictions or decisions.
"
116,0.6,You help a stranger and they never say thanks.,"AI learns patterns from data to make predictions or decisions.
"
117,0.6,Lost phone reveals someone’s hidden double life.,"AI uses algorithms and data to mimic human intelligence.
"
118,0.6,You see someone you know pretending not to notice.,"AI learns from data to make decisions or predictions.
"
119,0.6,Childhood home is up for sale again.,"AI uses algorithms to learn from data and make predictions or decisions.
"
120,0.65,Old friend calls after twenty years of silence.,"AI learns patterns from data to make predictions or decisions.
"
121,0.65,You find someone’s wallet and recognize the photo inside.,"AI learns patterns from data to make predictions or decisions.
"
122,0.65,Neighbor asks you to keep a strange secret.,"AI mimics human intelligence using algorithms and data to learn, reason, and solve problems.
"
123,0.65,You overhear a conversation not meant for you.,"AI learns from data to make predictions or decisions.
"
124,0.65,Unexpected letter arrives with no return address or name.,"AI learns patterns from data to make predictions or decisions.
"
125,0.65,A chance meeting changes your entire daily routine.,"AI learns patterns from data to make predictions or decisions.
"
126,0.65,You help a stranger and they never say thanks.,"AI learns patterns from data to make predictions or decisions.
"
127,0.65,Lost phone reveals someone’s hidden double life.,"AI learns patterns from data to make predictions or decisions.
"
128,0.65,You see someone you know pretending not to notice.,"AI learns patterns from data to make predictions or decisions.
"
129,0.65,Childhood home is up for sale again.,"AI learns patterns from data to make predictions or decisions.
"
130,0.7,Old friend calls after twenty years of silence.,"AI learns from data to make predictions or decisions.
"
131,0.7,You find someone’s wallet and recognize the photo inside.,"AI learns patterns from data to make predictions or decisions.
"
132,0.7,Neighbor asks you to keep a strange secret.,"AI learns patterns from data to make predictions or decisions.
"
133,0.7,You overhear a conversation not meant for you.,"AI learns patterns from data to make predictions or decisions.
"
134,0.7,Unexpected letter arrives with no return address or name.,"AI learns patterns from data to make predictions or decisions.
"
135,0.7,A chance meeting changes your entire daily routine.,"AI mimics human intelligence using algorithms and data.
"
136,0.7,You help a stranger and they never say thanks.,"AI learns from data to make predictions or decisions.
"
137,0.7,Lost phone reveals someone’s hidden double life.,"AI learns patterns from data to make predictions or decisions.
"
138,0.7,You see someone you know pretending not to notice.,"AI learns patterns from data to make predictions or decisions.
"
139,0.7,Childhood home is up for sale again.,"AI uses algorithms to learn from data and make predictions or decisions.
"
140,0.75,Old friend calls after twenty years of silence.,"AI learns from data to make predictions or decisions.
"
141,0.75,You find someone’s wallet and recognize the photo inside.,"AI learns patterns from data to make predictions or decisions.
"
142,0.75,Neighbor asks you to keep a strange secret.,"AI learns patterns from data to make predictions or decisions.
"
143,0.75,You overhear a conversation not meant for you.,"AI learns patterns from data to make predictions or decisions.
"
144,0.75,Unexpected letter arrives with no return address or name.,"AI learns patterns from data to make predictions or decisions.
"
145,0.75,A chance meeting changes your entire daily routine.,"AI learns patterns from data to make predictions or decisions.
"
146,0.75,You help a stranger and they never say thanks.,"AI learns patterns from data to make predictions or decisions.
"
147,0.75,Lost phone reveals someone’s hidden double life.,"AI learns patterns from data to make predictions or decisions.
"
148,0.75,You see someone you know pretending not to notice.,"AI uses algorithms to learn from data and make predictions or decisions.
"
149,0.75,Childhood home is up for sale again.,"AI learns from data to make predictions or decisions.
"
150,0.7999999999999999,Old friend calls after twenty years of silence.,"AI learns patterns from data to make predictions or decisions.
"
151,0.7999999999999999,You find someone’s wallet and recognize the photo inside.,"AI learns patterns from data to make predictions or decisions.
"
152,0.7999999999999999,Neighbor asks you to keep a strange secret.,"AI learns from data to make predictions or decisions.
"
153,0.7999999999999999,You overhear a conversation not meant for you.,"AI learns patterns from data to make predictions or decisions.
"
154,0.7999999999999999,Unexpected letter arrives with no return address or name.,"AI uses algorithms to learn from data and make predictions or decisions.
"
155,0.7999999999999999,A chance meeting changes your entire daily routine.,"AI uses algorithms to learn from data and make predictions or decisions.
"
156,0.7999999999999999,You help a stranger and they never say thanks.,"AI learns patterns from data to make predictions or decisions.
"
157,0.7999999999999999,Lost phone reveals someone’s hidden double life.,"AI learns from data to make predictions or decisions.
"
158,0.7999999999999999,You see someone you know pretending not to notice.,"AI learns patterns from data to make predictions or decisions.
"
159,0.7999999999999999,Childhood home is up for sale again.,"AI uses algorithms and data to mimic human intelligence.
"
160,0.85,Old friend calls after twenty years of silence.,"AI learns patterns from data to make predictions or decisions.
"
161,0.85,You find someone’s wallet and recognize the photo inside.,"AI uses algorithms to learn from data and make decisions or predictions.
"
162,0.85,Neighbor asks you to keep a strange secret.,"AI learns patterns from data to make predictions or decisions.
"
163,0.85,You overhear a conversation not meant for you.,"AI learns patterns from data to make predictions or decisions.
"
164,0.85,Unexpected letter arrives with no return address or name.,"AI learns patterns from data to make predictions or decisions.
"
165,0.85,A chance meeting changes your entire daily routine.,"AI uses algorithms to learn from data and make decisions.
"
166,0.85,You help a stranger and they never say thanks.,"AI learns patterns from data to make predictions or decisions.
"
167,0.85,Lost phone reveals someone’s hidden double life.,"AI learns patterns from data to make predictions or decisions.
"
168,0.85,You see someone you know pretending not to notice.,"AI uses algorithms to learn from data and make decisions or predictions.
"
169,0.85,Childhood home is up for sale again.,"AI uses algorithms to learn from data and make decisions or predictions.
"
170,0.9,Old friend calls after twenty years of silence.,"AI learns patterns from data to make predictions or decisions.
"
171,0.9,You find someone’s wallet and recognize the photo inside.,"AI learns patterns from data to make predictions or decisions.
"
172,0.9,Neighbor asks you to keep a strange secret.,"AI uses algorithms to learn from data and make predictions or decisions.
"
173,0.9,You overhear a conversation not meant for you.,"AI learns patterns from data to make predictions or decisions.
"
174,0.9,Unexpected letter arrives with no return address or name.,"AI learns patterns from data to make predictions or decisions.
"
175,0.9,A chance meeting changes your entire daily routine.,"AI learns from data to make predictions or decisions.
"
176,0.9,You help a stranger and they never say thanks.,"AI learns patterns from data to make predictions or decisions.
"
177,0.9,Lost phone reveals someone’s hidden double life.,"AI learns patterns from data to make predictions or decisions.
"
178,0.9,You see someone you know pretending not to notice.,"AI learns patterns from data to make predictions or decisions.
"
179,0.9,Childhood home is up for sale again.,"AI uses algorithms to learn from data and make predictions or decisions.
"
180,0.95,Old friend calls after twenty years of silence.,"AI learns from data to make predictions or decisions.
"
181,0.95,You find someone’s wallet and recognize the photo inside.,"AI learns patterns from data to make predictions or decisions.
"
182,0.95,Neighbor asks you to keep a strange secret.,"AI learns from data to make predictions or decisions.
"
183,0.95,You overhear a conversation not meant for you.,"AI learns from data to make predictions or decisions.
"
184,0.95,Unexpected letter arrives with no return address or name.,"AI learns patterns from data to make predictions or decisions.
"
185,0.95,A chance meeting changes your entire daily routine.,"AI learns patterns from data to make predictions or decisions.
"
186,0.95,You help a stranger and they never say thanks.,"AI learns patterns from data to make predictions or decisions.
"
187,0.95,Lost phone reveals someone’s hidden double life.,"AI learns from data to make predictions or decisions.
"
188,0.95,You see someone you know pretending not to notice.,"AI learns from data to make predictions or decisions.
"
189,0.95,Childhood home is up for sale again.,"AI learns from data to make predictions or decisions.
"
190,1.0,Old friend calls after twenty years of silence.,"AI learns from data to make predictions or decisions.
"
191,1.0,You find someone’s wallet and recognize the photo inside.,"AI learns patterns from data to make predictions or decisions.
"
192,1.0,Neighbor asks you to keep a strange secret.,"AI learns patterns from data to make predictions or decisions.
"
193,1.0,You overhear a conversation not meant for you.,"AI learns patterns from data to make predictions or decisions.
"
194,1.0,Unexpected letter arrives with no return address or name.,"AI learns patterns from data to make predictions or decisions.
"
195,1.0,A chance meeting changes your entire daily routine.,"AI learns patterns from data to make predictions or decisions.
"
196,1.0,You help a stranger and they never say thanks.,"AI learns patterns from data to make predictions or decisions.
"
197,1.0,Lost phone reveals someone’s hidden double life.,"AI uses algorithms to learn from data and make predictions or decisions.
"
198,1.0,You see someone you know pretending not to notice.,"AI learns patterns from data to make predictions or decisions.
"
199,1.0,Childhood home is up for sale again.,"AI learns patterns from data to make predictions or decisions.
"
